{"val/ngram_99":5.070963382720947,"val/ngram_46":5.146036624908447,"test/ngram_106":5.141565799713135,"val/ngram_18":5.1317877769470215,"val/ngram_75":5.14780855178833,"val/ngram_6":5.201805591583252,"test/ngram_55":5.208062648773193,"test/ngram_20":5.140474796295166,"val/ngram_29":5.232814788818359,"val/ngram_4":5.033051013946533,"test/ngram_52":5.1040754318237305,"test/ngram_58":5.2287445068359375,"val/ngram_66":5.123205661773682,"test/ngram_12":5.244112491607666,"test/ngram_45":5.1395697593688965,"test/ngram_57":5.108765125274658,"val/ngram_105":5.124606609344482,"val/ngram_8":5.079226970672607,"test/ngram_109":5.234776973724365,"val/ngram_53":5.098897933959961,"val/ngram_102":5.135828495025635,"test/ngram_114":5.253680229187012,"val/ngram_84":5.177810192108154,"val/ngram_28":5.17788028717041,"val/ngram_101":5.174039363861084,"test/ngram_30":5.091585159301758,"test/ngram_76":5.132976531982422,"val/ngram_56":5.169877529144287,"val/ngram_42":5.0943074226379395,"test/ngram_122":5.117502689361572,"test/ngram_36":5.138766288757324,"test/ngram_3":5.13690185546875,"test/ngram_101":5.12005090713501,"test/ngram_27":5.20288610458374,"val/ngram_51":5.167789459228516,"val/ngram_76":5.187517166137695,"test/ngram_119":5.120189189910889,"test/ngram_43":5.161412715911865,"test/ngram_33":5.203946113586426,"val/ngram_106":5.132880687713623,"test/ngram_112":5.134089469909668,"val/ngram_111":5.077274322509766,"val/ngram_3":5.149063587188721,"test/ngram_28":5.175083160400391,"val/ngram_69":5.121225833892822,"val/ngram_78":5.095610618591309,"val/ngram_77":5.012170314788818,"val/ngram_87":5.063390254974365,"val/ngram_122":5.058608055114746,"test/ngram_64":5.129165172576904,"test/ngram_67":5.202126979827881,"val/ngram_26":5.145557403564453,"test/ngram_59":5.235897541046143,"test/ngram_51":5.263564586639404,"val/ngram_62":4.958937644958496,"test/ngram_90":5.1696457862854,"val/ngram_41":5.053659915924072,"val/ngram_55":5.082003116607666,"test/ngram_53":5.179670810699463,"test/ngram_18":5.138047695159912,"test/ngram_85":5.141818523406982,"_timestamp":1.772207021093074e+09,"test/ngram_8":5.163483619689941,"val/ngram_79":5.080198764801025,"test/ngram_17":5.214974880218506,"val/ngram_48":5.157196044921875,"test/ngram_44":5.16981315612793,"val/ngram_33":5.168585300445557,"val/ngram_126":5.125772476196289,"val/ngram_30":5.214353084564209,"val/ngram_25":5.098011016845703,"test/ngram_56":5.148872375488281,"val/ngram_108":5.135162353515625,"val/ngram_38":5.097781658172607,"test/ngram_5":5.21279764175415,"test/ngram_115":5.042274475097656,"test/ngram_80":5.10014009475708,"test/ngram_62":5.132676601409912,"test/ngram_61":5.102064609527588,"test/ngram_72":5.178006649017334,"val/ngram_83":5.146844387054443,"test/ngram_92":5.253659725189209,"test/ngram_105":5.227379322052002,"val/ngram_73":4.984501838684082,"val/ngram_100":5.16253137588501,"test/ngram_22":5.165430545806885,"val/ngram_22":5.052724361419678,"val/ngram_58":5.052487373352051,"test/ngram_31":5.109948635101318,"test/ngram_14":5.167484760284424,"val/ngram_91":5.1258625984191895,"val/ngram_117":5.102199077606201,"val/ngram_96":5.14262580871582,"test/ngram_77":5.167652130126953,"_wandb":{"runtime":2455},"val/ngram_21":5.070993423461914,"val/ngram_74":5.0393757820129395,"val/ngram_59":5.075729846954346,"test/ngram_78":5.1561598777771,"test/ngram_29":5.123013973236084,"test/ngram_82":5.141291618347168,"test/ngram_11":5.143905162811279,"val/ngram_92":5.158791542053223,"val/ngram_109":5.145103454589844,"val/ngram_123":5.054709434509277,"test/ngram_37":5.238800048828125,"val/ngram_24":5.154388427734375,"val/ngram_110":5.0493645668029785,"test/ngram_69":5.112462997436523,"val/ngram_10":5.100828647613525,"val/ngram_125":5.113957405090332,"val/ngram_54":5.119661331176758,"test/ngram_99":5.1219801902771,"val/ngram_40":5.155599594116211,"test/ngram_40":5.233129024505615,"test/ngram_6":5.126237392425537,"test/ngram_108":5.0865631103515625,"test/ngram_54":5.188364505767822,"val/ngram_71":5.0307297706604,"test/ngram_107":5.156681537628174,"val/ngram_5":5.113982200622559,"test/ngram_47":5.19872522354126,"test/ngram_84":5.192207336425781,"test/ngram_111":5.1534528732299805,"_runtime":2455.666683619,"val/ngram_47":5.171189785003662,"val/ngram_37":5.120149612426758,"test/ngram_60":5.121074676513672,"val/ngram_103":5.037489891052246,"test/ngram_100":5.21028995513916,"test/ngram_95":5.189301490783691,"val/ngram_43":5.144052028656006,"val/ngram_86":5.03783655166626,"val/ngram_95":5.034527778625488,"val/ngram_98":5.101069450378418,"test/ngram_71":5.099623203277588,"test/ngram_50":5.07366418838501,"test/ngram_10":5.126157283782959,"test/ngram_9":5.082691192626953,"val/ngram_16":5.099058628082275,"test/ngram_74":5.135549545288086,"val/ngram_113":5.071263313293457,"val/ngram_23":5.106274127960205,"_step":111636,"val/ngram_57":5.146760940551758,"val/ngram_17":5.190529823303223,"val/ngram_27":5.129639625549316,"val/ngram_90":5.0854573249816895,"val/ngram_68":5.039269924163818,"test/ngram_87":5.178814888000488,"val/ngram_88":5.147784233093262,"val/ngram_85":5.117740631103516,"val/ngram_82":5.118160247802734,"val/ngram_118":5.17185640335083,"val/ngram_35":5.192049503326416,"val/ngram_120":5.052544116973877,"val/ngram_80":5.1167755126953125,"test/ngram_25":5.172677516937256,"test/ngram_13":5.215049743652344,"test/ngram_15":5.089763641357422,"val/ngram_9":5.1525139808654785,"val/ngram_1":5.490718841552734,"val/ngram_15":5.2098164558410645,"val/ngram_121":5.1516499519348145,"test/ngram_102":5.105417728424072,"test/ngram_41":5.083930969238281,"test/ngram_24":5.2122039794921875,"test/ngram_34":5.159332275390625,"test/ngram_86":5.163414478302002,"val/ngram_44":5.09527063369751,"val/ngram_119":5.131576061248779,"val/ngram_32":5.195669651031494,"val/ngram_13":5.166485786437988,"val/ngram_19":5.098997592926025,"test/ngram_97":5.101405143737793,"val/ngram_60":5.188685894012451,"val/ngram_31":5.1932053565979,"test/ngram_26":5.222896575927734,"test/ngram_32":5.16840124130249,"test/ngram_88":5.131631851196289,"test/ngram_91":5.062464714050293,"val/ngram_49":5.15455436706543,"test/ngram_66":5.1236114501953125,"test/ngram_16":5.220339775085449,"val/ngram_20":5.139041423797607,"test/ngram_39":5.158583164215088,"val/ngram_50":5.084589958190918,"train/loss":5.207698345184326,"val/ngram_14":5.097179889678955,"val/ngram_45":5.209153652191162,"val/ngram_124":5.004100322723389,"val/ngram_81":5.00689697265625,"test/ngram_38":5.105020523071289,"val/ngram_64":5.079914569854736,"test/ngram_81":5.163532257080078,"val/ngram_36":5.123342037200928,"test/ngram_23":5.100982666015625,"test/ngram_68":5.097097873687744,"test/ngram_21":5.123798370361328,"val/ngram_2":5.187765121459961,"test/ngram_121":5.08643102645874,"test/ngram_113":5.158575534820557,"test/ngram_48":5.1297760009765625,"val/ngram_70":5.126474380493164,"test/ngram_117":5.141485691070557,"val/ngram_93":5.027254581451416,"val/ngram_104":5.104497909545898,"test/ngram_126":5.064209938049316,"val/ngram_52":5.047775745391846,"val/ngram_97":4.950798511505127,"val/ngram_7":5.07914924621582,"test/ngram_2":5.2799859046936035,"test/ngram_19":5.17669677734375,"test/ngram_79":5.129455089569092,"val/ngram_61":5.114264488220215,"test/ngram_103":5.22345495223999,"val/ngram_65":5.090539455413818,"val/ngram_34":5.075870990753174,"test/ngram_93":5.037574291229248,"test/ngram_124":5.106490612030029,"val/ngram_107":5.129372596740723,"val/ngram_127":5.057975769042969,"test/ngram_110":5.19642448425293,"test/ngram_73":5.120791435241699,"test/ngram_42":5.08540153503418,"val/ngram_39":5.083002090454102,"val/ngram_72":5.1088738441467285,"test/ngram_35":5.0953850746154785,"val/ngram_116":5.038200855255127,"test/ngram_104":5.058577537536621,"val/ngram_114":5.137810230255127,"test/ngram_83":5.049465179443359,"test/ngram_125":5.133717060089111,"test/ngram_49":5.2108073234558105,"val/ngram_12":5.145448207855225,"test/ngram_1":5.516770362854004,"test/ngram_118":5.129275321960449,"test/ngram_96":5.089927673339844,"test/ngram_63":5.128389358520508,