{"val/ngram_255":4.44437837600708,"val/ngram_489":4.516976833343506,"val/ngram_83":4.627890110015869,"val/ngram_433":4.416146278381348,"val/ngram_345":4.4539875984191895,"val/ngram_198":4.660945415496826,"val/ngram_409":4.307924747467041,"val/ngram_299":4.4462738037109375,"val/ngram_91":4.549597263336182,"val/ngram_213":4.397397041320801,"val/ngram_400":4.56967830657959,"val/ngram_393":4.470124244689941,"val/ngram_383":4.430566310882568,"val/ngram_343":4.550826072692871,"val/ngram_322":4.431576728820801,"val/ngram_106":4.635950088500977,"val/ngram_141":4.557618141174316,"val/ngram_262":4.51597785949707,"val/ngram_159":4.644993305206299,"val/ngram_308":4.50349760055542,"val/ngram_175":4.5521674156188965,"val/ngram_367":4.494260311126709,"val/ngram_82":4.7403788566589355,"val/ngram_196":4.477753639221191,"val/ngram_158":4.558668613433838,"val/ngram_194":4.4466552734375,"val/ngram_378":4.468254566192627,"val/ngram_187":4.429060459136963,"val/ngram_123":4.433383464813232,"val/ngram_96":4.5279669761657715,"val/ngram_396":4.559813022613525,"val/ngram_164":4.407920837402344,"val/ngram_19":4.5584306716918945,"val/ngram_151":4.555344581604004,"val/ngram_124":4.333832740783691,"val/ngram_276":4.560755252838135,"val/ngram_93":4.435681343078613,"val/ngram_121":4.4715576171875,"val/ngram_370":4.56914758682251,"val/ngram_215":4.487945556640625,"val/ngram_413":4.667234897613525,"val/ngram_207":4.355062007904053,"val/ngram_417":4.432893753051758,"val/ngram_462":4.481509208679199,"val/ngram_154":4.642487525939941,"val/ngram_288":4.5287957191467285,"val/ngram_496":4.468974590301514,"val/ngram_22":4.511250019073486,"val/ngram_443":4.542331218719482,"val/ngram_478":4.507998943328857,"val/ngram_429":4.445417881011963,"val/ngram_303":4.4264702796936035,"val/ngram_467":4.524045467376709,"val/ngram_248":4.33662748336792,"val/ngram_257":4.319052219390869,"val/ngram_165":4.485699653625488,"val/ngram_17":4.663647174835205,"val/ngram_37":4.532690525054932,"val/ngram_179":4.565256595611572,"val/ngram_7":4.605490207672119,"val/ngram_186":4.5593791007995605,"val/ngram_428":4.524468421936035,"val/ngram_157":4.633093357086182,"val/ngram_238":4.431375980377197,"val/ngram_483":4.419129848480225,"_runtime":1156.142090425,"val/ngram_445":4.436635971069336,"val/ngram_144":4.52911901473999,"val/ngram_111":4.221271991729736,"val/ngram_56":4.472507953643799,"val/ngram_434":4.232837200164795,"val/ngram_266":4.549692153930664,"val/ngram_440":4.723374843597412,"val/ngram_473":4.601735591888428,"val/ngram_210":4.513153076171875,"val/ngram_298":4.570838928222656,"val/ngram_126":4.621830463409424,"val/ngram_271":4.595069885253906,"val/ngram_431":4.787872314453125,"val/ngram_162":4.565879821777344,"val/ngram_481":4.328676700592041,"val/ngram_172":4.584776878356934,"val/ngram_100":4.429843425750732,"val/ngram_354":4.491929054260254,"val/ngram_53":4.417269706726074,"val/ngram_115":4.425662517547607,"val/ngram_32":4.572836875915527,"val/ngram_222":4.480037212371826,"val/ngram_317":4.435245037078857,"val/ngram_77":4.484702110290527,"val/ngram_219":4.6943464279174805,"val/ngram_76":4.462729454040527,"val/ngram_55":4.486227512359619,"val/ngram_310":4.563042640686035,"val/ngram_435":4.6166911125183105,"val/ngram_218":4.293065071105957,"val/ngram_497":4.467670917510986,"val/ngram_264":4.482850074768066,"val/ngram_137":4.642948627471924,"val/ngram_193":4.63743257522583,"val/ngram_29":4.548360347747803,"val/ngram_418":4.375268459320068,"val/ngram_459":4.60808801651001,"val/ngram_9":4.693113803863525,"val/ngram_235":4.3195061683654785,"val/ngram_359":4.51474666595459,"val/ngram_293":4.593866348266602,"val/ngram_202":4.409755706787109,"val/ngram_259":4.428736686706543,"val/ngram_107":4.5945725440979,"val/ngram_190":4.300436496734619,"val/ngram_465":4.282751083374023,"val/ngram_10":4.457546710968018,"val/ngram_426":4.475313186645508,"val/ngram_364":4.358537673950195,"val/ngram_80":4.605198860168457,"val/ngram_133":4.553732395172119,"val/ngram_268":4.5711989402771,"val/ngram_399":4.345102310180664,"val/ngram_326":4.36221170425415,"val/ngram_447":4.495240211486816,"val/ngram_243":4.5758843421936035,"val/ngram_340":4.557514667510986,"val/ngram_230":4.522703647613525,"val/ngram_44":4.480812072753906,"val/ngram_436":4.484627723693848,"val/ngram_501":4.448312282562256,"val/ngram_74":4.52843713760376,"val/ngram_246":4.6927642822265625,"val/ngram_11":4.39988374710083,"val/ngram_449":4.430087089538574,"val/ngram_379":4.50622034072876,"val/ngram_136":4.4303483963012695,"val/ngram_461":4.2686381340026855,"val/ngram_223":4.391055583953857,"val/ngram_300":4.540621280670166,"val/ngram_441":4.564974308013916,"val/ngram_214":4.530128479003906,"val/ngram_166":4.485267162322998,"val/ngram_315":4.506507396697998,"val/ngram_360":4.5462541580200195,"val/ngram_476":4.4654130935668945,"val/ngram_415":4.5366668701171875,"val/ngram_224":4.544018268585205,"val/ngram_47":4.514930725097656,"val/ngram_135":4.352254390716553,"val/ngram_457":4.458388328552246,"val/ngram_323":4.4116950035095215,"val/ngram_72":4.443580627441406,"val/ngram_163":4.512544631958008,"val/ngram_498":4.388116359710693,"val/ngram_479":4.443794250488281,"val/ngram_453":4.684727668762207,"val/ngram_420":4.456981182098389,"val/ngram_318":4.33343505859375,"val/ngram_291":4.52616024017334,"val/ngram_411":4.560971736907959,"val/ngram_353":4.427883625030518,"val/ngram_493":4.545676231384277,"val/ngram_225":4.231078147888184,"val/ngram_170":4.590543746948242,"val/ngram_181":4.472930908203125,"_step":4651,"val/ngram_1":5.263983726501465,"val/ngram_444":4.560375690460205,"val/ngram_274":4.505485534667969,"val/ngram_156":4.632132530212402,"val/ngram_261":4.358744144439697,"val/ngram_422":4.501632213592529,"val/ngram_3":4.865204811096191,"val/ngram_312":4.558565616607666,"val/ngram_306":4.532566070556641,"val/ngram_319":4.5750603675842285,"val/ngram_492":4.691492557525635,"val/ngram_421":4.571109771728516,"_wandb":{"runtime":1156},"val/ngram_145":4.496067047119141,"val/ngram_395":4.405228137969971,"val/ngram_432":4.619703769683838,"val/ngram_356":4.681837558746338,"val/ngram_373":4.394761562347412,"val/ngram_423":4.450808048248291,"val/ngram_280":4.56364631652832,"val/ngram_446":4.340704917907715,"val/ngram_508":4.268607139587402,"val/ngram_307":4.467936038970947,"val/ngram_455":4.339399814605713,"val/ngram_351":4.566046714782715,"val/ngram_49":4.640236854553223,"val/ngram_206":4.467066287994385,"val/ngram_404":4.46017599105835,"val/ngram_267":4.551620006561279,"val/ngram_463":4.57643985748291,"val/ngram_88":4.798233985900879,"val/ngram_283":4.505518436431885,"val/ngram_127":4.381415367126465,"val/ngram_221":4.418762683868408,"val/ngram_278":4.403532981872559,"val/ngram_332":4.58435583114624,"val/ngram_490":4.543423652648926,"val/ngram_349":4.442605972290039,"_timestamp":1.7731609961803446e+09,"val/ngram_511":4.432240962982178,"val/ngram_389":4.405622959136963,"val/ngram_99":4.455671310424805,"val/ngram_342":4.421511173248291,"val/ngram_191":4.619215965270996,"val/ngram_6":4.669177532196045,"val/ngram_247":4.527648448944092,"val/ngram_25":4.646692752838135,"val/ngram_16":4.522514343261719,"val/ngram_320":4.596860408782959,"val/ngram_177":4.754634380340576,"val/ngram_245":4.730782508850098,"val/ngram_506":4.428009033203125,"val/ngram_46":4.513397693634033,"val/ngram_69":4.586997032165527,"val/ngram_509":4.5003557205200195,"val/ngram_252":4.528741836547852,"val/ngram_448":4.4340596199035645,"val/ngram_28":4.625450134277344,"val/ngram_98":4.431262969970703,"val/ngram_456":4.700681209564209,"val/ngram_59":4.5533127784729,"val/ngram_153":4.453569412231445,"val/ngram_297":4.4415740966796875,"val/ngram_174":4.523813247680664,"val/ngram_254":4.53599739074707,"val/ngram_339":4.487056255340576,"val/ngram_89":4.579810619354248,"val/ngram_309":4.534289836883545,"val/ngram_201":4.266478061676025,"val/ngram_361":4.597142219543457,"val/ngram_316":4.512825012207031,"val/ngram_385":4.476198196411133,"val/ngram_195":4.488704204559326,"val/ngram_412":4.249454975128174,