{"val/ngram_78":3.0055201053619385,"val/ngram_86":2.9326353073120117,"val/ngram_69":3.052147150039673,"val/ngram_44":3.0825836658477783,"test/ngram_120":3.0051567554473877,"test/ngram_66":3.0953009128570557,"val/ngram_30":3.159510612487793,"test/ngram_67":3.0942440032958984,"test/ngram_45":3.0440785884857178,"val/ngram_22":3.052556037902832,"val/ngram_53":3.082080364227295,"test/ngram_53":3.082150936126709,"test/ngram_124":3.0362865924835205,"test/ngram_49":3.140423536300659,"test/ngram_19":3.2322254180908203,"test/ngram_89":3.0549352169036865,"val/ngram_109":2.927309989929199,"val/ngram_38":3.0600833892822266,"val/ngram_76":3.1028754711151123,"val/ngram_31":3.1013829708099365,"val/ngram_112":2.9535717964172363,"test/ngram_22":3.1999096870422363,"test/ngram_72":3.042026996612549,"test/ngram_113":2.99536395072937,"test/ngram_115":2.961261034011841,"val/ngram_114":2.9982428550720215,"val/ngram_127":2.9989969730377197,"val/ngram_91":3.095431089401245,"test/ngram_27":3.1813743114471436,"test/ngram_99":3.0369038581848145,"test/ngram_106":2.9491820335388184,"val/ngram_120":2.947845220565796,"test/ngram_103":3.029905319213867,"val/ngram_96":2.9701831340789795,"val/ngram_2":4.246683597564697,"val/ngram_70":2.98168683052063,"test/ngram_104":2.9258131980895996,"test/ngram_117":3.0768489837646484,"test/ngram_51":3.1919333934783936,"test/ngram_108":2.9953901767730713,"test/ngram_125":3.0669105052948,"test/ngram_41":3.013803005218506,"val/ngram_41":3.0769524574279785,"train/loss":3.1312100887298584,"val/ngram_56":3.078951597213745,"test/ngram_110":3.0147550106048584,"test/ngram_43":3.0222530364990234,"test/ngram_92":3.1477890014648438,"test/ngram_121":2.935070037841797,"test/ngram_15":3.197755813598633,"val/ngram_51":3.088535785675049,"test/ngram_65":3.1488254070281982,"test/ngram_95":3.0335910320281982,"val/ngram_21":3.0784170627593994,"val/ngram_49":3.0755529403686523,"val/ngram_20":3.150611639022827,"test/ngram_118":3.0958051681518555,"test/ngram_122":3.070984363555908,"val/ngram_123":3.017813205718994,"val/ngram_26":3.1686556339263916,"val/ngram_60":3.112105369567871,"val/ngram_105":3.074573516845703,"test/ngram_71":3.0591025352478027,"val/ngram_122":3.0300991535186768,"test/ngram_59":3.0713508129119873,"val/ngram_12":3.2492854595184326,"val/ngram_125":3.01297926902771,"test/ngram_87":3.0691494941711426,"test/ngram_33":3.0962066650390625,"val/ngram_7":3.3858094215393066,"val/ngram_14":3.097038984298706,"val/ngram_1":4.974530220031738,"test/ngram_77":3.061742067337036,"val/ngram_39":3.0106048583984375,"test/ngram_11":3.323491334915161,"test/ngram_75":3.008565902709961,"val/ngram_6":3.572685956954956,"test/ngram_48":3.1512625217437744,"val/ngram_113":3.0180165767669678,"test/ngram_119":2.965301513671875,"test/ngram_38":3.1107442378997803,"val/ngram_25":3.1158347129821777,"test/ngram_29":3.0896430015563965,"val/ngram_19":3.088998794555664,"test/ngram_78":3.1060101985931396,"test/ngram_2":4.295478343963623,"val/ngram_62":2.9594132900238037,"val/ngram_85":3.0265371799468994,"test/ngram_55":3.142496347427368,"test/ngram_85":3.0001416206359863,"test/ngram_23":3.1385512351989746,"val/ngram_74":2.9208178520202637,"val/ngram_84":3.182086229324341,"val/ngram_9":3.4386212825775146,"val/ngram_121":3.047454833984375,"val/ngram_61":3.0139801502227783,"val/ngram_103":2.972344160079956,"test/ngram_30":3.0695724487304688,"test/ngram_21":3.1774418354034424,"test/ngram_17":3.2363455295562744,"test/ngram_93":2.914520025253296,"val/ngram_77":2.8744208812713623,"test/ngram_10":3.456190824508667,"val/ngram_92":3.0573630332946777,"test/ngram_94":3.108020544052124,"val/ngram_45":3.107492208480835,"val/ngram_57":3.028093099594116,"val/ngram_97":2.8917322158813477,"val/ngram_100":3.108194589614868,"test/ngram_50":3.041415214538574,"test/ngram_14":3.1951911449432373,"test/ngram_69":3.086991786956787,"val/ngram_75":3.056394577026367,"test/ngram_3":3.86401104927063,"test/ngram_101":2.962855100631714,"val/ngram_11":3.248300552368164,"val/ngram_37":3.1082592010498047,"val/ngram_54":3.0610806941986084,"val/ngram_24":3.1799802780151367,"val/ngram_83":3.070840358734131,"val/ngram_5":3.662759780883789,"test/ngram_31":3.094078779220581,"test/ngram_126":3.004664421081543,"val/ngram_35":3.1342382431030273,"test/ngram_1":5.046849250793457,"val/ngram_16":3.1247963905334473,"val/ngram_93":2.94923996925354,"test/ngram_6":3.5050315856933594,"val/ngram_28":3.1083014011383057,"val/ngram_117":2.9827985763549805,"test/ngram_25":3.228703737258911,"val/ngram_34":3.06534481048584,"val/ngram_67":2.9916844367980957,"test/ngram_9":3.3229010105133057,"test/ngram_52":3.064171552658081,"test/ngram_112":3.0230062007904053,"test/ngram_34":3.114084482192993,"val/ngram_13":3.229750871658325,"val/ngram_23":3.1462790966033936,"val/ngram_95":2.974561929702759,"test/ngram_127":3.038855791091919,"val/ngram_68":2.9350342750549316,"test/ngram_88":3.0268776416778564,"test/ngram_86":3.011491298675537,"test/ngram_18":3.109693765640259,"test/ngram_109":3.1282706260681152,"test/ngram_81":3.1475989818573,"val/ngram_65":3.003568649291992,"val/ngram_89":2.999361991882324,"val/ngram_102":3.100853681564331,"val/ngram_58":3.008551836013794,"test/ngram_40":3.178999662399292,"test/ngram_62":3.01135516166687,"test/ngram_32":3.1930394172668457,"val/ngram_63":3.0890696048736572,"test/ngram_84":3.108102798461914,"test/ngram_123":3.0514049530029297,"test/ngram_5":3.7131946086883545,"test/ngram_16":3.2312519550323486,"val/ngram_71":2.9790830612182617,"test/ngram_82":3.047365188598633,"val/ngram_10":3.3452789783477783,"test/ngram_42":3.014622449874878,"test/ngram_105":3.130213737487793,"val/ngram_80":3.0420689582824707,"val/ngram_50":2.949172258377075,"val/ngram_18":3.1462602615356445,"test/ngram_56":3.08416485786438,"test/ngram_100":3.113123893737793,"test/ngram_36":3.1485700607299805,"val/ngram_40":3.134942054748535,"val/ngram_66":3.1019272804260254,"test/ngram_107":3.0136337280273438,"val/ngram_36":3.077629566192627,"test/ngram_116":3.074010133743286,"test/ngram_44":3.128390312194824,"val/ngram_48":3.0347495079040527,"val/ngram_27":3.162447690963745,"test/ngram_28":3.1841819286346436,"test/ngram_97":3.035238265991211,"val/ngram_47":3.1296238899230957,"val/ngram_99":3.0110318660736084,"val/ngram_17":3.2044239044189453,"val/ngram_94":3.0109918117523193,"test/ngram_4":3.8188395500183105,"test/ngram_26":3.233884334564209,"val/ngram_119":3.024019718170166,"test/ngram_58":3.161424160003662,"val/ngram_32":3.082655906677246,"val/ngram_79":2.9692704677581787,"test/ngram_80":3.078385591506958,"test/ngram_98":3.068960189819336,"test/ngram_91":2.9869284629821777,"val/ngram_106":3.031458616256714,"val/ngram_64":2.9723682403564453,"test/ngram_61":3.0456342697143555,"val/ngram_90":2.9925355911254883,"test/ngram_39":3.1335036754608154,"val/ngram_43":3.1513452529907227,"val/ngram_29":3.1761655807495117,"test/ngram_46":3.1933064460754395,"val/ngram_88":3.0203092098236084,"test/ngram_70":3.0942695140838623,"test/ngram_7":3.611161708831787,"val/ngram_55":3.0233376026153564,"test/ngram_83":2.972723960876465,"test/ngram_63":3.0104856491088867,"val/ngram_42":3.065082311630249,"val/ngram_81":3.003345012664795,"test/ngram_47":3.1156675815582275,"test/ngram_24":3.219602108001709,"test/ngram_73":3.0471439361572266,"val/ngram_15":3.1708028316497803,"val/ngram_4":3.622523069381714,"test/ngram_35":3.1181633472442627,"test/ngram_64":3.082836627960205,"_timestamp":1.7725543745939426e+09,"val/ngram_8":3.366330623626709,"_step":186060,"val/ngram_126":3.0214250087738037,"test/ngram_102":3.026184558868408,"val/ngram_107":3.011547088623047,"test/ngram_12":3.4005467891693115,"test/ngram_13":3.2834460735321045,"test/ngram_54":3.177563190460205,"test/ngram_79":3.0608763694763184,"test/ngram_74":3.098339557647705,"test/ngram_20":3.1629490852355957,"val/ngram_116":2.9680590629577637,"val/ngram_118":3.0095467567443848,"test/ngram_76":2.965200662612915,"test/ngram_68":3.0940756797790527,"val/ngram_52":2.9949283599853516,"val/ngram_87":2.9604873657226562,