{"test/ngram_22":4.330718040466309,"val/ngram_12":4.1476149559021,"test/ngram_60":4.237393856048584,"test/ngram_74":4.27424430847168,"val/ngram_58":4.010280609130859,"test/ngram_62":4.215940952301025,"test/ngram_82":4.269983768463135,"val/ngram_45":4.208319187164307,"val/ngram_112":4.0753984451293945,"test/ngram_92":4.399688720703125,"test/ngram_1":5.102108001708984,"test/ngram_28":4.336039066314697,"_timestamp":1.7722141164031634e+09,"val/ngram_118":4.093382835388184,"val/ngram_76":4.140838623046875,"test/ngram_17":4.359104156494141,"test/ngram_59":4.338165283203125,"val/ngram_24":4.127037048339844,"val/ngram_60":4.126199722290039,"val/ngram_91":4.139354228973389,"test/ngram_68":4.273674011230469,"val/ngram_81":4.010838031768799,"test/ngram_16":4.351902008056641,"val/ngram_127":4.034543037414551,"test/ngram_108":4.230794429779053,"test/ngram_83":4.137832164764404,"test/ngram_38":4.27320671081543,"val/ngram_43":4.165894985198975,"test/ngram_105":4.364822864532471,"test/ngram_118":4.293337345123291,"val/ngram_122":4.044490814208984,"val/ngram_41":4.087515830993652,"test/ngram_42":4.2293381690979,"test/ngram_98":4.265188694000244,"val/ngram_11":4.055920124053955,"val/ngram_5":4.246909141540527,"test/ngram_67":4.330885887145996,"test/ngram_25":4.345458030700684,"test/ngram_44":4.322634220123291,"val/ngram_62":3.9852194786071777,"test/ngram_123":4.299430847167969,"val/ngram_88":4.076092720031738,"val/ngram_98":4.096787452697754,"val/ngram_44":4.119750022888184,"test/ngram_104":4.166212558746338,"test/ngram_69":4.260692596435547,"val/ngram_110":4.030318737030029,"val/ngram_102":4.101543426513672,"val/ngram_6":4.270092964172363,"val/ngram_73":3.9799060821533203,"test/ngram_15":4.231383800506592,"val/ngram_101":4.127942085266113,"val/ngram_33":4.136159896850586,"train/loss":4.192952632904053,"test/ngram_47":4.333202362060547,"val/ngram_109":4.072079658508301,"test/ngram_93":4.1598920822143555,"test/ngram_64":4.263219356536865,"test/ngram_97":4.233408451080322,"val/ngram_46":4.155937194824219,"val/ngram_52":4.06821870803833,"test/ngram_95":4.283180236816406,"val/ngram_121":4.100016117095947,"test/ngram_19":4.361690521240234,"val/ngram_40":4.138731479644775,"test/ngram_73":4.203496932983398,"test/ngram_94":4.35373067855835,"test/ngram_58":4.369773864746094,"_runtime":1475.56428434,"test/ngram_96":4.214770317077637,"test/ngram_115":4.169766426086426,"val/ngram_13":4.164680480957031,"test/ngram_99":4.253958702087402,"test/ngram_41":4.215723514556885,"val/ngram_89":4.0997819900512695,"test/ngram_125":4.281058311462402,"test/ngram_12":4.450611114501953,"test/ngram_18":4.255043983459473,"val/ngram_90":4.04882287979126,"val/ngram_119":4.0919508934021,"test/ngram_75":4.296749114990234,"test/ngram_3":4.420760631561279,"val/ngram_27":4.133100509643555,"test/ngram_8":4.366451740264893,"test/ngram_122":4.310970306396484,"val/ngram_114":4.110385894775391,"val/ngram_111":4.048113822937012,"test/ngram_89":4.31204080581665,"val/ngram_17":4.187839031219482,"test/ngram_4":4.559808731079102,"test/ngram_87":4.303093910217285,"val/ngram_53":4.107959747314453,"test/ngram_61":4.205636501312256,"val/ngram_79":4.037286758422852,"val/ngram_56":4.140016078948975,"test/ngram_14":4.323360919952393,"val/ngram_70":4.09636926651001,"test/ngram_112":4.261623382568359,"val/ngram_104":4.110490322113037,"_step":55818,"test/ngram_119":4.199670314788818,"val/ngram_42":4.0683088302612305,"test/ngram_45":4.282107830047607,"test/ngram_77":4.303226470947266,"test/ngram_49":4.316545486450195,"test/ngram_50":4.207954406738281,"val/ngram_10":4.1698408126831055,"val/ngram_125":4.100165843963623,"val/ngram_87":4.052877426147461,"val/ngram_47":4.171864986419678,"test/ngram_57":4.250406265258789,"test/ngram_13":4.330024242401123,"val/ngram_61":4.079094409942627,"test/ngram_51":4.401413917541504,"test/ngram_114":4.403196811676025,"val/ngram_2":4.521923542022705,"test/ngram_71":4.236307621002197,"test/ngram_29":4.287681579589844,"val/ngram_3":4.328670024871826,"val/ngram_68":3.97456955909729,"val/ngram_85":4.0336995124816895,"val/ngram_59":4.0893635749816895,"val/ngram_107":4.058739185333252,"val/ngram_80":4.11208438873291,"test/ngram_5":4.486305236816406,"test/ngram_39":4.270659923553467,"val/ngram_120":4.025221347808838,"val/ngram_113":4.081485271453857,"test/ngram_2":4.715564727783203,"test/ngram_23":4.245744705200195,"test/ngram_34":4.326193332672119,"test/ngram_43":4.256482124328613,"val/ngram_99":4.054952144622803,"val/ngram_78":4.102417945861816,"val/ngram_19":4.074052810668945,"test/ngram_109":4.408783912658691,"val/ngram_28":4.128428936004639,"test/ngram_110":4.271649360656738,"val/ngram_4":4.150135040283203,"val/ngram_51":4.150622844696045,"val/ngram_64":4.032411098480225,"test/ngram_107":4.287203311920166,"test/ngram_53":4.310873508453369,"test/ngram_102":4.2127790451049805,"test/ngram_9":4.303980350494385,"test/ngram_120":4.298539638519287,"val/ngram_66":4.082385063171387,"test/ngram_90":4.344449996948242,"val/ngram_67":4.048219203948975,"test/ngram_113":4.259623050689697,"test/ngram_121":4.210551738739014,"test/ngram_32":4.3413543701171875,"val/ngram_26":4.176126956939697,"val/ngram_1":5.08590030670166,"val/ngram_84":4.194786548614502,"val/ngram_36":4.111124038696289,"val/ngram_82":4.1072916984558105,"test/ngram_70":4.214935302734375,"val/ngram_49":4.08302116394043,"val/ngram_123":4.061251640319824,"val/ngram_74":4.0037312507629395,"val/ngram_117":4.058167934417725,"test/ngram_111":4.281058311462402,"val/ngram_94":4.072038173675537,"val/ngram_86":4.044299125671387,"test/ngram_11":4.338135719299316,"test/ngram_36":4.299732208251953,"test/ngram_24":4.368194103240967,"val/ngram_8":4.110036849975586,"test/ngram_91":4.2135491371154785,"val/ngram_75":4.113430976867676,"val/ngram_48":4.111272811889648,"test/ngram_103":4.333777904510498,"val/ngram_105":4.137949466705322,"val/ngram_50":4.022746562957764,"test/ngram_127":4.291665554046631,"val/ngram_103":4.008931636810303,"test/ngram_56":4.25716495513916,"val/ngram_7":4.126540660858154,"val/ngram_39":4.048901557922363,"test/ngram_72":4.294535160064697,"val/ngram_18":4.092066287994385,"test/ngram_35":4.263806343078613,"test/ngram_81":4.327020168304443,"test/ngram_40":4.35975456237793,"val/ngram_32":4.165815830230713,"val/ngram_108":4.125800609588623,"val/ngram_95":4.05418062210083,"val/ngram_100":4.1099677085876465,"test/ngram_106":4.257702827453613,"val/ngram_93":3.980613946914673,"test/ngram_65":4.333181858062744,"test/ngram_37":4.360078811645508,"val/ngram_9":4.220540523529053,"test/ngram_10":4.3328704833984375,"test/ngram_86":4.311439514160156,"test/ngram_54":4.3335466384887695,"test/ngram_76":4.2037506103515625,"val/ngram_126":4.079339027404785,"test/ngram_33":4.3493804931640625,"val/ngram_69":4.130277156829834,"val/ngram_20":4.115048885345459,"val/ngram_72":4.077667713165283,"test/ngram_6":4.337237358093262,"val/ngram_63":4.140709400177002,"test/ngram_124":4.232056617736816,"test/ngram_30":4.228618144989014,"val/ngram_77":3.9231042861938477,"test/ngram_80":4.252133369445801,"test/ngram_63":4.225052833557129,"val/ngram_83":4.086656093597412,"val/ngram_92":4.118037223815918,"test/ngram_126":4.174668312072754,"val/ngram_29":4.18809175491333,"val/ngram_116":4.039605140686035,"val/ngram_34":4.065741539001465,"val/ngram_30":4.179605960845947,"test/ngram_79":4.266794681549072,"test/ngram_26":4.306469917297363,"val/ngram_35":4.1419453620910645,"val/ngram_16":4.1260666847229,"test/ngram_101":4.2224955558776855,"val/ngram_55":4.019964218139648,"val/ngram_14":4.0943498611450195,"test/ngram_55":4.3278679847717285,"val/ngram_96":4.099736213684082,"val/ngram_57":4.100506782531738,"val/ngram_54":4.063844680786133,"val/ngram_97":3.921449661254883,"val/ngram_21":4.046951770782471,"val/ngram_38":3.9971024990081787,"test/ngram_85":4.2787933349609375,"test/ngram_100":4.309444427490234,"val/ngram_22":4.031887531280518,"val/ngram_37":4.135647296905518,"test/ngram_78":4.241093635559082,"test/ngram_7":4.447097301483154,"test/ngram_84":4.304625988006592,