{"test/ngram_13":4.105975151062012,"val/ngram_3":4.292482852935791,"val/ngram_21":3.9671239852905273,"test/ngram_87":4.021823883056641,"val/ngram_67":3.97149658203125,"test/ngram_123":4.018365859985352,"val/ngram_114":3.9984354972839355,"test/ngram_102":3.9476871490478516,"val/ngram_95":3.9614148139953613,"val/ngram_100":4.036424160003662,"val/ngram_45":4.099456787109375,"test/ngram_34":4.0538201332092285,"test/ngram_24":4.1241655349731445,"val/ngram_24":4.032991409301758,"test/ngram_50":3.9457461833953857,"val/ngram_118":3.9946460723876953,"val/ngram_90":3.9810125827789307,"val/ngram_5":4.200395107269287,"val/ngram_7":4.058041095733643,"test/ngram_127":4.015037536621094,"test/ngram_21":4.064432621002197,"val/ngram_111":3.944587230682373,"test/ngram_9":4.065528392791748,"test/ngram_54":4.048661708831787,"test/ngram_77":4.0357255935668945,"test/ngram_35":4.023717880249023,"test/ngram_83":3.86161470413208,"test/ngram_94":4.09108304977417,"test/ngram_23":3.97247576713562,"test/ngram_120":4.009214401245117,"val/ngram_92":4.040247917175293,"val/ngram_58":3.9283721446990967,"val/ngram_94":3.9906139373779297,"test/ngram_63":3.952962875366211,"val/ngram_20":4.025844573974609,"val/ngram_39":3.9624078273773193,"test/ngram_20":4.024456977844238,"val/ngram_101":4.024969577789307,"val/ngram_44":4.051634788513184,"test/ngram_2":4.605545997619629,"val/ngram_23":4.04063081741333,"test/ngram_59":4.064800262451172,"test/ngram_17":4.108397483825684,"val/ngram_87":3.9621360301971436,"val/ngram_22":3.959221124649048,"val/ngram_77":3.8173828125,"test/ngram_15":3.999197006225586,"test/ngram_53":4.033654689788818,"val/ngram_78":4.036131858825684,"test/ngram_16":4.0788140296936035,"val/ngram_25":3.9837121963500977,"val/ngram_115":4.000775337219238,"test/ngram_8":4.155715465545654,"test/ngram_73":3.9488461017608643,"train/loss":4.132866382598877,"test/ngram_126":3.8950729370117188,"test/ngram_22":4.083661079406738,"test/ngram_39":4.053003311157227,"val/ngram_30":4.088029384613037,"val/ngram_82":4.0220112800598145,"test/ngram_47":4.0782647132873535,"_timestamp":1.7723853371182456e+09,"val/ngram_16":4.025204181671143,"val/ngram_81":3.9173789024353027,"test/ngram_98":4.029425621032715,"val/ngram_64":3.9445548057556152,"test/ngram_46":4.126084804534912,"test/ngram_96":3.9359991550445557,"val/ngram_35":4.060007572174072,"val/ngram_32":4.0692315101623535,"test/ngram_72":4.000980377197266,"val/ngram_56":4.046876430511475,"test/ngram_76":3.943929672241211,"val/ngram_63":4.052322864532471,"val/ngram_69":4.053061485290527,"val/ngram_17":4.10270881652832,"val/ngram_73":3.9154748916625977,"val/ngram_85":3.9357378482818604,"test/ngram_122":4.0174560546875,"val/ngram_2":4.5134663581848145,"val/ngram_27":4.053653240203857,"val/ngram_29":4.080449104309082,"val/ngram_110":3.931252956390381,"val/ngram_97":3.831200361251831,"test/ngram_43":3.9950971603393555,"test/ngram_101":3.9281561374664307,"val/ngram_14":3.9917449951171875,"val/ngram_57":3.984267473220825,"_runtime":6965.400070814,"test/ngram_14":4.051338195800781,"test/ngram_37":4.074494361877441,"test/ngram_118":4.029776573181152,"test/ngram_81":4.07135009765625,"val/ngram_98":4.011637210845947,"test/ngram_110":4.003704071044922,"test/ngram_51":4.133793354034424,"test/ngram_33":4.04827880859375,"test/ngram_125":4.026284694671631,"val/ngram_4":4.107449531555176,"val/ngram_61":3.9656243324279785,"val/ngram_33":4.054269313812256,"val/ngram_122":3.9777634143829346,"test/ngram_75":4.021874904632568,"val/ngram_71":3.912971019744873,"test/ngram_19":4.112064361572266,"val/ngram_12":4.045331001281738,"test/ngram_65":4.054975986480713,"val/ngram_109":3.971400737762451,"test/ngram_95":4.013337135314941,"val/ngram_1":5.098052501678467,"test/ngram_56":3.9939212799072266,"test/ngram_114":4.125045299530029,"val/ngram_38":3.9348230361938477,"val/ngram_8":4.038722515106201,"test/ngram_4":4.350811004638672,"test/ngram_88":3.9769744873046875,"test/ngram_36":4.051803112030029,"test/ngram_12":4.181105613708496,"test/ngram_85":4.018221855163574,"val/ngram_113":3.98677659034729,"val/ngram_102":4.025003910064697,"test/ngram_107":4.005921363830566,"val/ngram_75":4.009947776794434,"test/ngram_117":4.019228935241699,"test/ngram_68":4.0303239822387695,"val/ngram_9":4.168095588684082,"val/ngram_124":3.8894848823547363,"val/ngram_40":4.024230003356934,"val/ngram_66":4.021878242492676,"test/ngram_64":4.031313419342041,"val/ngram_46":4.06788444519043,"val/ngram_72":3.9746735095977783,"test/ngram_79":3.9797253608703613,"test/ngram_7":4.225028991699219,"test/ngram_104":3.8934476375579834,"val/ngram_43":4.083361625671387,"test/ngram_3":4.256646633148193,"test/ngram_48":4.0300774574279785,"test/ngram_58":4.084963798522949,"val/ngram_59":3.9943933486938477,"val/ngram_127":3.955577850341797,"test/ngram_57":4.040491580963135,"test/ngram_30":3.9582760334014893,"test/ngram_61":3.9200637340545654,"val/ngram_91":4.083714008331299,"test/ngram_45":4.009984016418457,"test/ngram_105":4.0713653564453125,"val/ngram_88":3.969949722290039,"val/ngram_74":3.907717227935791,"val/ngram_55":3.9477813243865967,"test/ngram_116":4.002078056335449,"test/ngram_69":4.0147294998168945,"val/ngram_51":4.073179721832275,"val/ngram_65":3.9813358783721924,"val/ngram_26":4.093208312988281,"val/ngram_119":4.008373260498047,"val/ngram_48":4.015624046325684,"val/ngram_83":4.003718852996826,"test/ngram_1":5.1317362785339355,"test/ngram_100":4.0386528968811035,"test/ngram_93":3.88047456741333,"val/ngram_76":4.0729079246521,"_wandb":{"runtime":6965},"test/ngram_62":3.918307065963745,"val/ngram_105":4.052244186401367,"val/ngram_13":4.086775779724121,"val/ngram_36":4.026345252990723,"test/ngram_99":3.9666502475738525,"val/ngram_107":3.9704887866973877,"test/ngram_52":3.992326021194458,"test/ngram_70":3.965250015258789,"val/ngram_6":4.214178085327148,"test/ngram_113":4.003396987915039,"val/ngram_125":3.9928033351898193,"test/ngram_11":4.0950608253479,"test/ngram_66":4.016136169433594,"test/ngram_74":4.034145832061768,"val/ngram_89":3.9915246963500977,"test/ngram_124":3.947831392288208,"val/ngram_86":3.9457287788391113,"test/ngram_109":4.14306640625,"test/ngram_31":3.9896724224090576,"val/ngram_53":3.9837372303009033,"test/ngram_49":4.061121940612793,"val/ngram_28":4.045045375823975,"test/ngram_18":3.9806296825408936,"test/ngram_10":4.094509124755859,"test/ngram_41":3.9734249114990234,"val/ngram_37":4.036175727844238,"test/ngram_84":4.071144104003906,"test/ngram_86":4.029642581939697,"val/ngram_116":3.9400737285614014,"val/ngram_112":3.990654706954956,"test/ngram_26":4.082624435424805,"val/ngram_96":4.015094757080078,"val/ngram_31":4.066211223602295,"val/ngram_54":4.004004955291748,"test/ngram_90":4.0754714012146,"val/ngram_42":3.9694175720214844,"test/ngram_115":3.913604259490967,"test/ngram_112":3.982964277267456,"test/ngram_92":4.110351085662842,"test/ngram_67":4.0389084815979,"test/ngram_89":4.022271156311035,"test/ngram_60":3.95149302482605,"val/ngram_84":4.100338935852051,"val/ngram_49":4.008488178253174,"val/ngram_11":4.002795696258545,"test/ngram_5":4.262635231018066,"val/ngram_18":4.027288436889648,"test/ngram_111":3.971930980682373,"val/ngram_106":4.032238960266113,"test/ngram_103":4.052095890045166,"test/ngram_44":4.06625509262085,"val/ngram_117":3.9653587341308594,"val/ngram_70":4.000216007232666,"val/ngram_121":4.03108024597168,"test/ngram_71":3.958566188812256,"val/ngram_123":3.9508488178253174,"val/ngram_34":3.989593982696533,"val/ngram_15":4.067309379577637,"test/ngram_121":3.9346930980682373,"test/ngram_32":4.066638946533203,"val/ngram_10":4.081943035125732,"test/ngram_91":3.94331431388855,"val/ngram_68":3.8806238174438477,"val/ngram_62":3.887228488922119,"test/ngram_6":4.110518455505371,"val/ngram_108":4.014484882354736,"val/ngram_47":4.080766201019287,"test/ngram_25":4.112126350402832,"val/ngram_120":3.9411871433258057,"_step":186060,"val/ngram_19":3.988187313079834,"val/ngram_52":3.997840642929077,"val/ngram_126":4.006002426147461,"test/ngram_108":3.9603190422058105,