{"val/ngram_1":5.496266841888428,"val/ngram_25":4.473742961883545,"_timestamp":1.7721548059218307e+09,"val/ngram_16":4.468294620513916,"test/ngram_31":4.410397529602051,"test/ngram_8":4.43998384475708,"val/ngram_2":4.967000484466553,"val/ngram_17":4.4209065437316895,"_runtime":16145.969874199,"val/ngram_31":4.386848449707031,"val/ngram_5":4.616629600524902,"test/ngram_7":4.5766682624816895,"test/ngram_30":4.477722644805908,"test/ngram_3":4.838222980499268,"val/ngram_20":4.373168468475342,"_wandb":{"runtime":16145},"val/ngram_15":4.370462417602539,"test/ngram_24":4.485317230224609,"val/ngram_12":4.456587314605713,"val/ngram_6":4.624414443969727,"val/ngram_29":4.392920017242432,"test/ngram_20":4.348963260650635,"_step":1840632,"test/ngram_16":4.400045394897461,"test/ngram_28":4.4593281745910645,"test/ngram_17":4.39678430557251,"test/ngram_13":4.483717441558838,"test/ngram_1":5.376003265380859,"val/ngram_21":4.420528411865234,"test/ngram_22":4.4334845542907715,"val/ngram_27":4.470590114593506,"test/ngram_26":4.387669563293457,"val/ngram_26":4.390122413635254,"val/ngram_7":4.5625457763671875,"val/ngram_4":4.768121719360352,"test/ngram_11":4.476559638977051,"val/ngram_19":4.405296802520752,"val/ngram_23":4.427216053009033,"test/ngram_23":4.408685207366943,"val/ngram_28":4.389890193939209,"val/ngram_10":4.494666576385498,"test/ngram_29":4.3858160972595215,"test/ngram_27":4.400749683380127,"val/ngram_24":4.401605606079102,"val/ngram_22":4.442419528961182,"test/ngram_25":4.448058128356934,"test/ngram_2":4.981696128845215,"test/ngram_18":4.464391231536865,"test/ngram_21":4.447536945343018,"val/ngram_9":4.51740837097168,"val/ngram_13":4.434700012207031,"test/ngram_12":4.40855073928833,"val/ngram_3":4.789519786834717,"test/ngram_9":4.5183868408203125,"test/ngram_15":4.405125617980957,"test/ngram_14":4.454873085021973,"val/ngram_30":4.305217266082764,"test/ngram_5":4.617103099822998,"val/ngram_11":4.4661664962768555,"test/ngram_4":4.748170375823975,"test/ngram_6":4.659162998199463,"train/loss":4.498385906219482,"test/ngram_10":4.519681453704834,"val/ngram_18":4.373971939086914,"test/ngram_19":4.34675407409668,"val/ngram_14":4.422293186187744,"val/ngram_8":4.534209251403809}