{"val/ngram_306":4.533871173858643,"val/ngram_481":4.327951908111572,"val/ngram_337":4.4999260902404785,"val/ngram_134":4.423830032348633,"val/ngram_61":4.594810962677002,"val/ngram_339":4.488898754119873,"val/ngram_24":4.337912559509277,"val/ngram_56":4.474595069885254,"val/ngram_107":4.595073699951172,"val/ngram_180":4.555867671966553,"val/ngram_458":4.529516696929932,"val/ngram_461":4.26708459854126,"val/ngram_459":4.607499122619629,"val/ngram_15":4.78698205947876,"val/ngram_82":4.739921569824219,"val/ngram_8":4.479282855987549,"val/ngram_201":4.264407157897949,"val/ngram_332":4.58364725112915,"val/ngram_469":4.437345504760742,"val/ngram_110":4.591592788696289,"val/ngram_410":4.384712219238281,"val/ngram_52":4.568736553192139,"val/ngram_445":4.436747074127197,"val/ngram_456":4.702481746673584,"val/ngram_21":4.470948696136475,"val/ngram_367":4.496369361877441,"val/ngram_365":4.4756317138671875,"val/ngram_394":4.58321475982666,"val/ngram_342":4.423107147216797,"val/ngram_375":4.476995944976807,"val/ngram_109":4.472362995147705,"val/ngram_215":4.486044406890869,"val/ngram_98":4.431675434112549,"val/ngram_33":4.5392656326293945,"val/ngram_264":4.4812517166137695,"val/ngram_1":5.267867088317871,"val/ngram_328":4.374277591705322,"val/ngram_3":4.86643123626709,"val/ngram_348":4.533357620239258,"val/ngram_4":4.407271385192871,"val/ngram_427":4.6279473304748535,"val/ngram_321":4.567943096160889,"val/ngram_105":4.508584976196289,"val/ngram_383":4.434811115264893,"val/ngram_334":4.414350986480713,"val/ngram_357":4.738431930541992,"val/ngram_84":4.673389911651611,"val/ngram_379":4.503981590270996,"val/ngram_369":4.453848361968994,"val/ngram_273":4.554437637329102,"val/ngram_483":4.415837287902832,"val/ngram_268":4.576755046844482,"val/ngram_319":4.574950218200684,"val/ngram_153":4.456355094909668,"val/ngram_213":4.396396636962891,"val/ngram_89":4.577711582183838,"val/ngram_415":4.537471294403076,"val/ngram_269":4.465431213378906,"val/ngram_41":4.515783309936523,"val/ngram_104":4.4725022315979,"val/ngram_79":4.487677097320557,"val/ngram_44":4.479461669921875,"_runtime":1309.978905427,"val/ngram_111":4.225261688232422,"val/ngram_465":4.281824588775635,"val/ngram_139":4.4110260009765625,"val/ngram_370":4.567505836486816,"val/ngram_455":4.337190628051758,"val/ngram_431":4.785877704620361,"val/ngram_135":4.349403381347656,"val/ngram_174":4.525371074676514,"val/ngram_238":4.430146217346191,"val/ngram_368":4.530632972717285,"val/ngram_484":4.619757175445557,"val/ngram_128":4.469778537750244,"val/ngram_94":4.626139163970947,"val/ngram_168":4.303014278411865,"val/ngram_182":4.50220251083374,"val/ngram_299":4.445794105529785,"val/ngram_372":4.389036655426025,"val/ngram_177":4.757803440093994,"val/ngram_88":4.799729824066162,"val/ngram_241":4.463345050811768,"val/ngram_59":4.552681922912598,"val/ngram_199":4.38250207901001,"val/ngram_38":4.4640793800354,"val/ngram_121":4.468681335449219,"val/ngram_378":4.4692063331604,"val/ngram_164":4.407806873321533,"val/ngram_442":4.4029541015625,"val/ngram_371":4.462693691253662,"val/ngram_349":4.442351341247559,"val/ngram_252":4.530407905578613,"val/ngram_102":4.333466529846191,"val/ngram_421":4.570800304412842,"val/ngram_117":4.283219337463379,"val/ngram_361":4.5926384925842285,"val/ngram_354":4.49070405960083,"val/ngram_495":4.3845672607421875,"val/ngram_294":4.17471170425415,"val/ngram_160":4.590231895446777,"val/ngram_55":4.488545894622803,"val/ngram_275":4.3604278564453125,"val/ngram_424":4.571516990661621,"val/ngram_18":4.461241245269775,"val/ngram_188":4.712601661682129,"val/ngram_403":4.410501956939697,"val/ngram_330":4.334811687469482,"val/ngram_179":4.566389560699463,"val/ngram_433":4.420662879943848,"val/ngram_144":4.53297233581543,"val/ngram_249":4.576653480529785,"val/ngram_326":4.363511085510254,"val/ngram_96":4.528955459594727,"val/ngram_80":4.60391092300415,"val/ngram_76":4.463088035583496,"val/ngram_53":4.416841983795166,"val/ngram_161":4.547911643981934,"val/ngram_486":4.472317218780518,"val/ngram_67":4.534703731536865,"val/ngram_263":4.565561294555664,"val/ngram_277":4.620996952056885,"val/ngram_276":4.565262794494629,"val/ngram_198":4.659908771514893,"val/ngram_311":4.512228012084961,"val/ngram_285":4.466518878936768,"val/ngram_232":4.6307291984558105,"val/ngram_151":4.555220603942871,"val/ngram_507":4.450532913208008,"val/ngram_498":4.385669231414795,"val/ngram_295":4.471940994262695,"val/ngram_219":4.690915107727051,"val/ngram_287":4.526403903961182,"val/ngram_146":4.454272270202637,"val/ngram_120":4.341043949127197,"val/ngram_218":4.295204162597656,"val/ngram_224":4.5443572998046875,"val/ngram_506":4.428441524505615,"val/ngram_503":4.625189781188965,"val/ngram_395":4.4037957191467285,"val/ngram_125":4.499617099761963,"val/ngram_327":4.334599018096924,"val/ngram_159":4.646615505218506,"val/ngram_28":4.624232769012451,"val/ngram_341":4.57853889465332,"val/ngram_344":4.479905605316162,"val/ngram_78":4.56197452545166,"val/ngram_183":4.509943962097168,"val/ngram_235":4.319153785705566,"val/ngram_37":4.534449100494385,"val/ngram_500":4.448437213897705,"val/ngram_43":4.646535396575928,"val/ngram_171":4.465147495269775,"val/ngram_230":4.5195207595825195,"val/ngram_385":4.477574825286865,"val/ngram_284":4.654966354370117,"val/ngram_116":4.348973274230957,"val/ngram_413":4.666835784912109,"val/ngram_474":4.468599319458008,"val/ngram_123":4.436243057250977,"val/ngram_261":4.357734203338623,"val/ngram_315":4.506666660308838,"val/ngram_414":4.810865879058838,"val/ngram_419":4.587070941925049,"val/ngram_272":4.40931510925293,"val/ngram_399":4.345730304718018,"val/ngram_441":4.564952373504639,"val/ngram_83":4.6298980712890625,"val/ngram_423":4.453503608703613,"val/ngram_16":4.526111125946045,"val/ngram_381":4.614351749420166,"val/ngram_70":4.4437127113342285,"val/ngram_488":4.367491722106934,"val/ngram_347":4.367112159729004,"val/ngram_197":4.451572895050049,"val/ngram_297":4.44738245010376,"val/ngram_390":4.604053974151611,"val/ngram_346":4.637502193450928,"val/ngram_470":4.388924598693848,"val/ngram_214":4.530202865600586,"val/ngram_208":4.612804889678955,"val/ngram_265":4.448740482330322,"val/ngram_35":4.648293495178223,"val/ngram_118":4.685978412628174,"val/ngram_176":4.6075615882873535,"val/ngram_333":4.330605506896973,"val/ngram_95":4.461141586303711,"val/ngram_69":4.5863447189331055,"val/ngram_85":4.575917720794678,"val/ngram_281":4.56941556930542,"val/ngram_175":4.552141189575195,"val/ngram_288":4.530529975891113,"val/ngram_345":4.456827640533447,"val/ngram_25":4.64439058303833,"val/ngram_388":4.3104963302612305,"val/ngram_48":4.485913276672363,"val/ngram_298":4.573596477508545,"val/ngram_266":4.551146030426025,"val/ngram_320":4.59470796585083,"val/ngram_50":4.392545223236084,"val/ngram_112":4.427300453186035,"val/ngram_478":4.503159523010254,"val/ngram_280":4.565826892852783,"val/ngram_234":4.388288974761963,"val/ngram_437":4.467775821685791,"val/ngram_464":4.5297393798828125,"val/ngram_26":4.6946282386779785,"val/ngram_404":4.461508750915527,"val/ngram_282":4.6121673583984375,"val/ngram_106":4.6360650062561035,"val/ngram_336":4.370053768157959,"val/ngram_108":4.661932945251465,"val/ngram_31":4.652347087860107,"val/ngram_509":4.503504276275635,"val/ngram_65":4.422706127166748,"val/ngram_355":4.593018531799316,"val/ngram_192":4.505217552185059,"val/ngram_411":4.560551166534424,"val/ngram_239":4.582709312438965,"val/ngram_2":4.684004306793213,"val/ngram_225":4.22983980178833,"val/ngram_324":4.401487827301025,"val/ngram_362":4.515814304351807,"val/ngram_343":4.5502800941467285,"val/ngram_223":4.389315128326416,"val/ngram_380":4.5942277908325195,"val/ngram_155":4.6269097328186035,"val/ngram_468":4.613770008087158,"val/ngram_137":4.6456146240234375,"val/ngram_387":4.403255939483643,"val/ngram_457":4.4573540687561035,"val/ngram_47":4.5129570960998535,"val/ngram_494":4.339784622192383,"val/ngram_477":4.450092792510986,"val/ngram_154":4.642495155334473,"val/ngram_194":4.450884819030762,"val/ngram_189":4.406919479370117,