{"val/ngram_102":4.751868724822998,"test/ngram_70":4.751453399658203,"val/ngram_5":4.779667854309082,"val/ngram_70":4.773279666900635,"test/ngram_88":4.795439720153809,"val/ngram_80":4.778066158294678,"val/ngram_30":4.8701581954956055,"test/ngram_26":4.817391395568848,"test/ngram_85":4.786273956298828,"test/ngram_100":4.8273515701293945,"val/ngram_115":4.7645649909973145,"val/ngram_85":4.733007431030273,"test/ngram_116":4.782212257385254,"test/ngram_16":4.8420891761779785,"val/ngram_125":4.732578277587891,"test/ngram_119":4.773253917694092,"test/ngram_76":4.753228187561035,"test/ngram_91":4.707043170928955,"val/ngram_113":4.7167181968688965,"test/ngram_36":4.803017616271973,"val/ngram_69":4.8027262687683105,"test/ngram_52":4.753552436828613,"val/ngram_57":4.780386924743652,"val/ngram_122":4.71421480178833,"test/ngram_126":4.6576247215271,"test/ngram_73":4.76535701751709,"val/ngram_26":4.783920764923096,"test/ngram_37":4.876346588134766,"test/ngram_51":4.916511535644531,"test/ngram_83":4.680974006652832,"val/ngram_77":4.630014896392822,"test/ngram_11":4.831207275390625,"val/ngram_61":4.747673988342285,"test/ngram_8":4.819300651550293,"val/ngram_90":4.74630880355835,"test/ngram_89":4.782827377319336,"test/ngram_92":4.915754318237305,"test/ngram_105":4.8761887550354,"test/ngram_17":4.859513759613037,"_runtime":2658.112813338,"val/ngram_98":4.741869926452637,"val/ngram_42":4.741781234741211,"test/ngram_47":4.846669673919678,"val/ngram_23":4.75294303894043,"test/ngram_90":4.821310520172119,"test/ngram_4":4.93243408203125,"test/ngram_124":4.750167369842529,"test/ngram_111":4.783990383148193,"test/ngram_110":4.819500923156738,"val/ngram_44":4.737683296203613,"test/ngram_108":4.737942695617676,"val/ngram_25":4.75950288772583,"val/ngram_63":4.817117691040039,"val/ngram_51":4.8211588859558105,"test/ngram_87":4.812201023101807,"val/ngram_103":4.671212196350098,"test/ngram_72":4.821566581726074,"val/ngram_7":4.734631061553955,"test/ngram_117":4.808115482330322,"test/ngram_31":4.758366107940674,"test/ngram_112":4.783185005187988,"_timestamp":1.7722102165963423e+09,"val/ngram_121":4.741508483886719,"test/ngram_123":4.838238716125488,"test/ngram_34":4.796784400939941,"val/ngram_1":5.293169021606445,"test/ngram_62":4.779134273529053,"test/ngram_104":4.685271739959717,"val/ngram_111":4.654407501220703,"test/ngram_113":4.766838073730469,"val/ngram_110":4.697955131530762,"val/ngram_3":4.835806846618652,"test/ngram_9":4.764687538146973,"val/ngram_9":4.833364009857178,"val/ngram_59":4.759390830993652,"test/ngram_60":4.734838962554932,"test/ngram_69":4.7784013748168945,"val/ngram_65":4.720632076263428,"test/ngram_120":4.850884437561035,"test/ngram_84":4.843067646026611,"val/ngram_41":4.717816352844238,"test/ngram_59":4.857129096984863,"val/ngram_56":4.818385124206543,"val/ngram_46":4.773633003234863,"test/ngram_94":4.862982749938965,"val/ngram_27":4.772613048553467,"val/ngram_40":4.776947021484375,"test/ngram_58":4.882762908935547,"test/ngram_63":4.7491865158081055,"test/ngram_30":4.727243900299072,"val/ngram_116":4.683136940002441,"test/ngram_50":4.707946300506592,"test/ngram_86":4.836176872253418,"val/ngram_108":4.760452747344971,"test/ngram_38":4.769386291503906,"test/ngram_33":4.842510223388672,"val/ngram_39":4.683084011077881,"test/ngram_95":4.813879013061523,"val/ngram_13":4.815108299255371,"val/ngram_64":4.718131065368652,"val/ngram_55":4.683674335479736,"test/ngram_56":4.7879204750061035,"test/ngram_97":4.753576755523682,"test/ngram_99":4.779852867126465,"test/ngram_49":4.842117786407471,"val/ngram_89":4.781187057495117,"test/ngram_39":4.797694206237793,"val/ngram_8":4.705755710601807,"test/ngram_35":4.785027980804443,"test/ngram_13":4.852496147155762,"val/ngram_21":4.699424743652344,"test/ngram_55":4.823935031890869,"val/ngram_14":4.724478244781494,"val/ngram_114":4.770779609680176,"val/ngram_68":4.662422180175781,"test/ngram_127":4.798489093780518,"val/ngram_43":4.772620677947998,"test/ngram_27":4.862829685211182,"val/ngram_36":4.787955284118652,"val/ngram_101":4.790735244750977,"test/ngram_107":4.803241729736328,"val/ngram_84":4.815215587615967,"test/ngram_125":4.816395282745361,"val/ngram_95":4.683212757110596,"val/ngram_79":4.716329574584961,"val/ngram_38":4.685068607330322,"val/ngram_11":4.702603340148926,"test/ngram_43":4.787405014038086,"val/ngram_34":4.704480171203613,"val/ngram_81":4.648918628692627,"val/ngram_92":4.757017612457275,"test/ngram_106":4.796696186065674,"_step":111636,"test/ngram_71":4.7637152671813965,"val/ngram_47":4.838061809539795,"test/ngram_78":4.760340690612793,"val/ngram_75":4.782437324523926,"test/ngram_102":4.733526229858398,"val/ngram_91":4.768824100494385,"val/ngram_88":4.770196437835693,"val/ngram_127":4.670101165771484,"test/ngram_7":4.886941432952881,"test/ngram_44":4.816087245941162,"val/ngram_124":4.640097141265869,"val/ngram_20":4.750088691711426,"test/ngram_24":4.8890228271484375,"test/ngram_79":4.767920017242432,"test/ngram_19":4.852149963378906,"test/ngram_114":4.910363674163818,"test/ngram_77":4.809671878814697,"train/loss":4.8464202880859375,"val/ngram_24":4.77199125289917,"val/ngram_22":4.676756858825684,"test/ngram_66":4.768156051635742,"_wandb":{"runtime":2658},"test/ngram_32":4.844608306884766,"test/ngram_96":4.718911170959473,"test/ngram_45":4.790316104888916,"test/ngram_101":4.755441188812256,"test/ngram_6":4.783660411834717,"val/ngram_4":4.715921401977539,"test/ngram_98":4.773923873901367,"test/ngram_74":4.799534320831299,"test/ngram_14":4.789985656738281,"test/ngram_115":4.723507881164551,"test/ngram_122":4.791470527648926,"val/ngram_62":4.611847877502441,"val/ngram_58":4.669640064239502,"test/ngram_118":4.776922225952148,"val/ngram_53":4.721558094024658,"test/ngram_40":4.8625288009643555,"val/ngram_54":4.726469993591309,"test/ngram_81":4.807534694671631,"test/ngram_3":4.818331718444824,"val/ngram_117":4.717798709869385,"val/ngram_119":4.758206367492676,"val/ngram_76":4.811428070068359,"val/ngram_48":4.787655830383301,"test/ngram_5":4.906071662902832,"val/ngram_33":4.821708679199219,"test/ngram_121":4.729901313781738,"val/ngram_104":4.708418846130371,"val/ngram_31":4.851162910461426,"val/ngram_17":4.840066909790039,"val/ngram_50":4.712991714477539,"test/ngram_1":5.331030368804932,"val/ngram_16":4.765345573425293,"val/ngram_32":4.850822448730469,"val/ngram_15":4.853164196014404,"test/ngram_93":4.686252593994141,"val/ngram_37":4.776899337768555,"test/ngram_25":4.839268684387207,"test/ngram_10":4.825488567352295,"test/ngram_20":4.7726616859436035,"val/ngram_71":4.646528244018555,"val/ngram_35":4.796274185180664,"test/ngram_54":4.829827785491943,"val/ngram_112":4.690501689910889,"test/ngram_53":4.827247142791748,"test/ngram_75":4.818783760070801,"val/ngram_82":4.770631313323975,"test/ngram_103":4.865928649902344,"val/ngram_60":4.8360371589660645,"test/ngram_2":5.050216197967529,"val/ngram_123":4.6905517578125,"test/ngram_65":4.820417404174805,"test/ngram_42":4.737234115600586,"val/ngram_6":4.870690822601318,"val/ngram_78":4.722808837890625,"test/ngram_64":4.767217636108398,"val/ngram_28":4.8289475440979,"val/ngram_120":4.699207305908203,"test/ngram_109":4.90037202835083,"test/ngram_82":4.779450416564941,"test/ngram_22":4.815220355987549,"val/ngram_100":4.784252643585205,"val/ngram_126":4.756904125213623,"val/ngram_107":4.766603469848633,"val/ngram_97":4.59910249710083,"test/ngram_18":4.748305797576904,"test/ngram_68":4.768276691436768,"val/ngram_10":4.748664379119873,"test/ngram_61":4.75033712387085,"val/ngram_86":4.677704811096191,"val/ngram_96":4.784189224243164,"val/ngram_106":4.77423095703125,"val/ngram_118":4.789983749389648,"val/ngram_49":4.777037620544434,"val/ngram_105":4.7600483894348145,"test/ngram_23":4.753125190734863,"val/ngram_18":4.76150369644165,"val/ngram_99":4.708925724029541,"test/ngram_15":4.758167743682861,"val/ngram_52":4.706956386566162,"val/ngram_19":4.724709510803223,"val/ngram_74":4.688019752502441,"val/ngram_29":4.864171028137207,"val/ngram_83":4.798292636871338,