{"test/ngram_62":4.4467949867248535,"test/ngram_72":4.514106750488281,"test/ngram_11":4.553353786468506,"test/ngram_9":4.508847236633301,"val/ngram_4":4.391136169433594,"val/ngram_60":4.488450527191162,"test/ngram_33":4.533649921417236,"test/ngram_98":4.4857177734375,"val/ngram_42":4.376503944396973,"test/ngram_111":4.506253242492676,"test/ngram_49":4.5415167808532715,"val/ngram_48":4.430791854858398,"test/ngram_93":4.3867411613464355,"test/ngram_127":4.499411582946777,"val/ngram_3":4.591297626495361,"val/ngram_31":4.470560073852539,"test/ngram_53":4.533565521240234,"test/ngram_60":4.464417457580566,"val/ngram_34":4.374263763427734,"test/ngram_86":4.509822845458984,"val/ngram_105":4.4488301277160645,"test/ngram_90":4.566397190093994,"val/ngram_39":4.345780849456787,"val/ngram_98":4.397172927856445,"val/ngram_107":4.415243148803711,"test/ngram_39":4.521582126617432,"test/ngram_44":4.527683258056641,"val/ngram_75":4.429515838623047,"test/ngram_54":4.560082912445068,"test/ngram_126":4.401688575744629,"test/ngram_25":4.561910629272461,"test/ngram_15":4.472023010253906,"test/ngram_36":4.51382303237915,"test/ngram_70":4.448111057281494,"test/ngram_18":4.501768589019775,"test/ngram_13":4.556400299072266,"val/ngram_36":4.399873733520508,"val/ngram_20":4.398950099945068,"test/ngram_47":4.564998626708984,"test/ngram_108":4.4410881996154785,"test/ngram_34":4.511842727661133,"val/ngram_106":4.425930500030518,"test/ngram_101":4.432589530944824,"test/ngram_42":4.440402984619141,"val/ngram_103":4.337774276733398,"test/ngram_45":4.499546051025391,"test/ngram_57":4.479841232299805,"val/ngram_52":4.416901588439941,"test/ngram_74":4.49450159072876,"test/ngram_63":4.448516845703125,"test/ngram_68":4.499896049499512,"test/ngram_87":4.520113468170166,"test/ngram_106":4.4622063636779785,"val/ngram_100":4.4591546058654785,"test/ngram_69":4.504491806030273,"val/ngram_44":4.448543071746826,"val/ngram_10":4.437259197235107,"val/ngram_64":4.354207515716553,"val/ngram_127":4.343258857727051,"val/ngram_35":4.488228797912598,"test/ngram_21":4.494450092315674,"val/ngram_76":4.481171607971191,"test/ngram_5":4.683321475982666,"test/ngram_26":4.529813289642334,"val/ngram_92":4.409102439880371,"test/ngram_64":4.473299503326416,"test/ngram_29":4.4987616539001465,"val/ngram_111":4.3537187576293945,"val/ngram_62":4.278687953948975,"test/ngram_75":4.521097660064697,"test/ngram_22":4.542598247528076,"val/ngram_12":4.439836025238037,"test/ngram_35":4.4754109382629395,"test/ngram_67":4.562300682067871,"val/ngram_101":4.474135875701904,"val/ngram_55":4.344288349151611,"val/ngram_5":4.538107872009277,"val/ngram_33":4.447486400604248,"test/ngram_88":4.519147872924805,"test/ngram_82":4.488620758056641,"val/ngram_56":4.46992301940918,"test/ngram_92":4.628554821014404,"test/ngram_59":4.600485324859619,"test/ngram_120":4.520800590515137,"val/ngram_113":4.393507957458496,"val/ngram_9":4.517337799072266,"test/ngram_85":4.482087135314941,"val/ngram_70":4.4334716796875,"test/ngram_94":4.575404167175293,"test/ngram_30":4.45330810546875,"test/ngram_24":4.557522296905518,"val/ngram_8":4.419285297393799,"val/ngram_66":4.386954307556152,"val/ngram_17":4.501413822174072,"_wandb":{"runtime":1722},"test/ngram_115":4.434037208557129,"val/ngram_97":4.240894794464111,"test/ngram_65":4.544480323791504,"val/ngram_79":4.346854209899902,"test/ngram_3":4.597550868988037,"val/ngram_122":4.379026412963867,"val/ngram_54":4.413545608520508,"test/ngram_38":4.476419925689697,"test/ngram_16":4.557656288146973,"val/ngram_87":4.359129428863525,"test/ngram_61":4.43657922744751,"val/ngram_99":4.362128734588623,"test/ngram_28":4.508852481842041,"val/ngram_77":4.288608551025391,"val/ngram_94":4.418988227844238,"val/ngram_96":4.444463729858398,"val/ngram_82":4.4298248291015625,"test/ngram_20":4.474065780639648,"val/ngram_40":4.426656246185303,"val/ngram_69":4.438388824462891,"val/ngram_91":4.41377067565918,"val/ngram_110":4.373968124389648,"test/ngram_2":4.850054740905762,"test/ngram_8":4.578866958618164,"test/ngram_23":4.446798801422119,"test/ngram_99":4.493884086608887,"test/ngram_102":4.440662384033203,"test/ngram_78":4.468201160430908,"val/ngram_61":4.399442195892334,"_step":74424,"val/ngram_29":4.507792949676514,"val/ngram_59":4.423112392425537,"test/ngram_66":4.483969211578369,"val/ngram_116":4.349319934844971,"val/ngram_57":4.419960975646973,"val/ngram_114":4.418118000030518,"test/ngram_48":4.502440929412842,"val/ngram_80":4.3998188972473145,"val/ngram_46":4.464219570159912,"val/ngram_95":4.362809658050537,"val/ngram_104":4.401773452758789,"test/ngram_79":4.471001625061035,"val/ngram_51":4.489376544952393,"test/ngram_119":4.441082954406738,"test/ngram_117":4.492937088012695,"train/loss":4.472766876220703,"val/ngram_68":4.269803524017334,"test/ngram_1":5.207492351531982,"test/ngram_17":4.578123092651367,"val/ngram_109":4.415578365325928,"test/ngram_51":4.598791599273682,"val/ngram_117":4.385024070739746,"val/ngram_41":4.384666919708252,"val/ngram_19":4.381894111633301,"test/ngram_4":4.698472023010254,"val/ngram_25":4.393789768218994,"test/ngram_55":4.550970554351807,"val/ngram_93":4.3516950607299805,"val/ngram_6":4.564553260803223,"test/ngram_19":4.5829386711120605,"test/ngram_105":4.58517599105835,"val/ngram_38":4.33790397644043,"test/ngram_118":4.524207592010498,"val/ngram_45":4.51848840713501,"test/ngram_31":4.461065292358398,"test/ngram_110":4.5238518714904785,"test/ngram_43":4.504719257354736,"val/ngram_67":4.375728607177734,"val/ngram_18":4.408350467681885,"val/ngram_115":4.388927459716797,"val/ngram_26":4.486085414886475,"val/ngram_28":4.488626956939697,"_timestamp":1.7722122460629663e+09,"test/ngram_80":4.465259552001953,"val/ngram_78":4.409566879272461,"test/ngram_40":4.555306434631348,"test/ngram_77":4.526859283447266,"val/ngram_14":4.412351131439209,"val/ngram_102":4.400578498840332,"val/ngram_53":4.380368232727051,"val/ngram_108":4.415078639984131,"test/ngram_6":4.530277729034424,"test/ngram_37":4.590574264526367,"test/ngram_71":4.478791236877441,"val/ngram_90":4.377282619476318,"val/ngram_72":4.3931427001953125,"val/ngram_7":4.418617248535156,"test/ngram_91":4.428343296051025,"val/ngram_32":4.484253883361816,"val/ngram_124":4.310296535491943,"test/ngram_96":4.446505069732666,"val/ngram_47":4.494680881500244,"val/ngram_2":4.72868013381958,"test/ngram_76":4.428590297698975,"test/ngram_56":4.469931125640869,"val/ngram_81":4.3261518478393555,"test/ngram_84":4.534020900726318,"val/ngram_22":4.388816833496094,"test/ngram_81":4.574461460113525,"test/ngram_97":4.450387477874756,"val/ngram_24":4.436093807220459,"val/ngram_119":4.413455963134766,"test/ngram_7":4.652356147766113,"test/ngram_113":4.49598503112793,"test/ngram_107":4.519944190979004,"test/ngram_10":4.5558247566223145,"val/ngram_83":4.407293319702148,"test/ngram_122":4.50489616394043,"test/ngram_41":4.429673194885254,"val/ngram_126":4.411322116851807,"test/ngram_50":4.43862771987915,"val/ngram_27":4.449267864227295,"val/ngram_65":4.389383792877197,"test/ngram_14":4.527162075042725,"test/ngram_83":4.372519016265869,"test/ngram_89":4.493522644042969,"val/ngram_74":4.328029155731201,"test/ngram_46":4.5950026512146,"test/ngram_114":4.6386542320251465,"test/ngram_124":4.426459312438965,"val/ngram_63":4.473118782043457,"val/ngram_71":4.323099136352539,"test/ngram_104":4.391725063323975,"val/ngram_11":4.372066974639893,"test/ngram_109":4.6197190284729,"test/ngram_58":4.570228099822998,"val/ngram_58":4.326452255249023,"val/ngram_85":4.3863844871521,"val/ngram_30":4.48801326751709,"val/ngram_49":4.412939548492432,"test/ngram_27":4.587826251983643,"test/ngram_100":4.532222270965576,"test/ngram_12":4.649089336395264,"val/ngram_118":4.466939449310303,"val/ngram_123":4.383866786956787,"test/ngram_95":4.505390167236328,"val/ngram_121":4.408138751983643,"val/ngram_89":4.455889701843262,"val/ngram_112":4.360142707824707,"test/ngram_116":4.478600978851318,"val/ngram_125":4.392590045928955,"val/ngram_37":4.451720714569092,"val/ngram_23":4.420849323272705,