{"val/ngram_396":4.556415557861328,"val/ngram_59":4.552292823791504,"val/ngram_262":4.514372825622559,"val/ngram_174":4.5234270095825195,"val/ngram_238":4.430790424346924,"val/ngram_281":4.569846153259277,"val/ngram_3":4.863338947296143,"val/ngram_243":4.573793888092041,"val/ngram_141":4.557110786437988,"val/ngram_175":4.553189754486084,"val/ngram_58":4.295297622680664,"val/ngram_367":4.493093967437744,"val/ngram_388":4.312292098999023,"val/ngram_154":4.641524791717529,"val/ngram_234":4.389554977416992,"val/ngram_315":4.508370399475098,"val/ngram_228":4.434824466705322,"val/ngram_386":4.446630954742432,"val/ngram_206":4.468211650848389,"val/ngram_461":4.271842956542969,"val/ngram_332":4.5820207595825195,"val/ngram_272":4.404527187347412,"val/ngram_233":4.567627429962158,"val/ngram_318":4.332245349884033,"val/ngram_468":4.612077236175537,"val/ngram_246":4.693996906280518,"val/ngram_147":4.670284748077393,"val/ngram_85":4.577475547790527,"val/ngram_293":4.592527389526367,"val/ngram_432":4.62285852432251,"val/ngram_288":4.528133869171143,"val/ngram_389":4.404497146606445,"val/ngram_330":4.334444522857666,"val/ngram_359":4.515269756317139,"val/ngram_481":4.329294204711914,"val/ngram_212":4.484906196594238,"val/ngram_506":4.4293317794799805,"val/ngram_157":4.632706642150879,"val/ngram_145":4.494868278503418,"val/ngram_327":4.336103916168213,"val/ngram_197":4.451251983642578,"val/ngram_507":4.451087951660156,"val/ngram_112":4.418688774108887,"val/ngram_428":4.52313756942749,"val/ngram_229":4.4691081047058105,"val/ngram_134":4.419835567474365,"val/ngram_33":4.539825916290283,"val/ngram_503":4.6239423751831055,"val/ngram_225":4.233755588531494,"val/ngram_116":4.347394943237305,"val/ngram_369":4.458192825317383,"val/ngram_118":4.6839399337768555,"val/ngram_117":4.286200523376465,"val/ngram_254":4.535176753997803,"val/ngram_69":4.585178852081299,"val/ngram_65":4.4258270263671875,"val/ngram_407":4.34868049621582,"val/ngram_480":4.539830684661865,"val/ngram_442":4.401398658752441,"val/ngram_339":4.48489236831665,"val/ngram_337":4.498557090759277,"val/ngram_270":4.5311384201049805,"val/ngram_210":4.512058734893799,"val/ngram_362":4.51033878326416,"val/ngram_182":4.4970269203186035,"val/ngram_135":4.354256629943848,"val/ngram_146":4.457877159118652,"val/ngram_499":4.597564697265625,"val/ngram_57":4.419961929321289,"val/ngram_471":4.443553447723389,"val/ngram_361":4.600027561187744,"val/ngram_430":4.407804489135742,"val/ngram_115":4.427107334136963,"val/ngram_342":4.420073509216309,"val/ngram_60":4.644278526306152,"val/ngram_390":4.606818675994873,"val/ngram_485":4.531096458435059,"val/ngram_249":4.575906276702881,"val/ngram_143":4.508823871612549,"val/ngram_255":4.447325229644775,"val/ngram_333":4.327710151672363,"val/ngram_99":4.456134796142578,"val/ngram_239":4.584870338439941,"val/ngram_106":4.634139060974121,"val/ngram_176":4.6158928871154785,"val/ngram_482":4.396621227264404,"val/ngram_312":4.556045055389404,"val/ngram_209":4.54388427734375,"val/ngram_256":4.46762228012085,"val/ngram_435":4.616168022155762,"val/ngram_86":4.415717601776123,"val/ngram_32":4.573930740356445,"val/ngram_321":4.565042972564697,"val/ngram_132":4.374430179595947,"val/ngram_107":4.594629764556885,"val/ngram_363":4.473031997680664,"val/ngram_289":4.664061069488525,"val/ngram_230":4.526022911071777,"val/ngram_455":4.34126615524292,"val/ngram_55":4.4845805168151855,"val/ngram_491":4.490883827209473,"val/ngram_357":4.73257303237915,"val/ngram_2":4.68560791015625,"val/ngram_185":4.556130409240723,"val/ngram_331":4.409564971923828,"val/ngram_203":4.482330799102783,"val/ngram_165":4.485400199890137,"val/ngram_53":4.4202375411987305,"val/ngram_186":4.560139179229736,"val/ngram_439":4.332466125488281,"val/ngram_91":4.551382541656494,"val/ngram_379":4.505837917327881,"val/ngram_352":4.5551934242248535,"val/ngram_142":4.439476013183594,"val/ngram_509":4.497431755065918,"val/ngram_344":4.477660179138184,"val/ngram_200":4.434940814971924,"val/ngram_252":4.525703430175781,"val/ngram_419":4.587296485900879,"val/ngram_408":4.714255332946777,"val/ngram_365":4.477118015289307,"val/ngram_316":4.508602619171143,"val/ngram_494":4.3403120040893555,"val/ngram_447":4.493865966796875,"val/ngram_237":4.562601089477539,"val/ngram_101":4.520583152770996,"val/ngram_495":4.38755464553833,"val/ngram_358":4.667575836181641,"val/ngram_17":4.66369104385376,"val/ngram_295":4.474634647369385,"val/ngram_39":4.488126277923584,"val/ngram_100":4.430403232574463,"val/ngram_128":4.465784549713135,"val/ngram_490":4.541666507720947,"val/ngram_226":4.563460350036621,"val/ngram_296":4.470953941345215,"val/ngram_213":4.397375583648682,"val/ngram_37":4.532811641693115,"val/ngram_302":4.626555442810059,"val/ngram_169":4.6838884353637695,"val/ngram_96":4.525149345397949,"val/ngram_66":4.5020432472229,"val/ngram_216":4.5597639083862305,"val/ngram_131":4.457919120788574,"val/ngram_328":4.364196300506592,"val/ngram_458":4.526810169219971,"val/ngram_406":4.3739471435546875,"val/ngram_25":4.645575046539307,"val/ngram_204":4.635439395904541,"val/ngram_194":4.446470260620117,"val/ngram_273":4.5546956062316895,"val/ngram_23":4.561384201049805,"val/ngram_348":4.536897659301758,"val/ngram_368":4.532642841339111,"val/ngram_73":4.480932712554932,"val/ngram_180":4.554109573364258,"val/ngram_7":4.603360652923584,"val/ngram_167":4.375973224639893,"val/ngram_152":4.44750452041626,"val/ngram_198":4.661067962646484,"val/ngram_92":4.748823642730713,"val/ngram_221":4.417950630187988,"val/ngram_431":4.787291526794434,"val/ngram_224":4.544447898864746,"val/ngram_372":4.389045715332031,"val/ngram_202":4.409843921661377,"val/ngram_307":4.467939853668213,"val/ngram_191":4.618243217468262,"val/ngram_402":4.417662143707275,"val/ngram_467":4.5239434242248535,"val/ngram_155":4.627552032470703,"val/ngram_410":4.379481792449951,"val/ngram_324":4.40853214263916,"val/ngram_264":4.484312534332275,"val/ngram_125":4.504411697387695,"val/ngram_306":4.533625602722168,"val/ngram_381":4.610889911651611,"val/ngram_111":4.219018459320068,"val/ngram_373":4.392045021057129,"val/ngram_161":4.546880722045898,"val/ngram_276":4.556783199310303,"val/ngram_38":4.467855930328369,"val/ngram_317":4.43911600112915,"val/ngram_51":4.587047576904297,"val/ngram_75":4.793344497680664,"val/ngram_416":4.664835453033447,"val/ngram_282":4.608254432678223,"val/ngram_280":4.5631537437438965,"val/ngram_158":4.5586371421813965,"val/ngram_354":4.490808963775635,"val/ngram_70":4.4405975341796875,"val/ngram_378":4.466862678527832,"val/ngram_374":4.383217811584473,"val/ngram_266":4.550834655761719,"val/ngram_78":4.561725616455078,"val/ngram_287":4.529520511627197,"val/ngram_214":4.530609607696533,"val/ngram_398":4.335962295532227,"val/ngram_500":4.448195934295654,"val/ngram_31":4.651567459106445,"val/ngram_6":4.665522575378418,"val/ngram_437":4.4663238525390625,"val/ngram_30":4.618964195251465,"val/ngram_456":4.698119163513184,"val/ngram_44":4.479628562927246,"val/ngram_189":4.407125949859619,"val/ngram_27":4.477863311767578,"val/ngram_292":4.607725620269775,"val/ngram_35":4.65197229385376,"val/ngram_219":4.6957879066467285,"val/ngram_235":4.318060874938965,"val/ngram_274":4.506625652313232,"val/ngram_211":4.442793369293213,"val/ngram_267":4.5495195388793945,"val/ngram_28":4.628808975219727,"val/ngram_414":4.810389995574951,"val/ngram_95":4.459048748016357,"val/ngram_89":4.58170747756958,"val/ngram_444":4.562577724456787,"val/ngram_424":4.569151878356934,"val/ngram_400":4.5688886642456055,"val/ngram_319":4.573393821716309,"val/ngram_404":4.4592461585998535,"val/ngram_64":4.442970275878906,"val/ngram_40":4.66182279586792,"val/ngram_475":4.510512828826904,"val/ngram_393":4.472678184509277,"val/ngram_62":4.396902084350586,"val/ngram_371":4.465029716491699,"val/ngram_452":4.240845203399658,"val/ngram_493":4.547908306121826,"val/ngram_172":4.581696510314941,"val/ngram_505":4.4297776222229,"val/ngram_299":4.443543910980225,"val/ngram_479":4.442625522613525,"val/ngram_297":4.440308570861816,