{"test/ngram_102":3.3860716819763184,"test/ngram_106":3.3617894649505615,"test/ngram_118":3.51483154296875,"val/ngram_68":3.329481601715088,"test/ngram_75":3.412862777709961,"test/ngram_113":3.3869307041168213,"val/ngram_112":3.3623321056365967,"test/ngram_92":3.557117223739624,"test/ngram_16":3.5695173740386963,"val/ngram_87":3.37062931060791,"val/ngram_55":3.4062650203704834,"val/ngram_109":3.343920946121216,"test/ngram_48":3.4994168281555176,"test/ngram_32":3.5302114486694336,"val/ngram_19":3.430575370788574,"val/ngram_80":3.425485610961914,"test/ngram_90":3.519148111343384,"test/ngram_85":3.431042194366455,"test/ngram_103":3.421720504760742,"test/ngram_8":3.743279218673706,"val/ngram_51":3.4944889545440674,"val/ngram_104":3.4695897102355957,"test/ngram_65":3.494166374206543,"val/ngram_95":3.3655693531036377,"val/ngram_41":3.4431395530700684,"test/ngram_93":3.3118045330047607,"val/ngram_24":3.525562047958374,"test/ngram_42":3.3788883686065674,"val/ngram_10":3.5588927268981934,"val/ngram_79":3.3667328357696533,"val/ngram_30":3.5017871856689453,"test/ngram_86":3.425445079803467,"test/ngram_22":3.5463438034057617,"val/ngram_121":3.4247350692749023,"val/ngram_76":3.4862077236175537,"val/ngram_122":3.418065071105957,"val/ngram_74":3.361067295074463,"test/ngram_25":3.573503017425537,"val/ngram_32":3.420128107070923,"test/ngram_70":3.417336940765381,"test/ngram_98":3.426401138305664,"test/ngram_29":3.4572646617889404,"test/ngram_6":3.7104651927948,"val/ngram_73":3.341566562652588,"test/ngram_95":3.390674352645874,"test/ngram_91":3.4016761779785156,"val/ngram_86":3.3490662574768066,"val/ngram_50":3.3410327434539795,"test/ngram_46":3.5747363567352295,"val/ngram_111":3.3948795795440674,"test/ngram_119":3.3482470512390137,"test/ngram_117":3.4395065307617188,"test/ngram_78":3.425969362258911,"test/ngram_56":3.448978900909424,"val/ngram_102":3.486241340637207,"test/ngram_62":3.3291738033294678,"test/ngram_13":3.5627858638763428,"val/ngram_22":3.4170892238616943,"test/ngram_33":3.4850354194641113,"val/ngram_89":3.399411678314209,"val/ngram_101":3.4466912746429443,"test/ngram_69":3.428640365600586,"test/ngram_35":3.4947545528411865,"test/ngram_19":3.5650222301483154,"test/ngram_124":3.3998947143554688,"val/ngram_38":3.3873236179351807,"test/ngram_89":3.4398891925811768,"test/ngram_116":3.4390530586242676,"test/ngram_96":3.4046101570129395,"test/ngram_125":3.445005416870117,"val/ngram_28":3.4734232425689697,"test/ngram_38":3.4551925659179688,"val/ngram_99":3.385239362716675,"test/ngram_80":3.443509578704834,"val/ngram_3":3.9796271324157715,"test/ngram_120":3.403982162475586,"test/ngram_34":3.481971502304077,"val/ngram_53":3.4292609691619873,"val/ngram_124":3.3464887142181396,"val/ngram_54":3.4479410648345947,"test/ngram_101":3.312685012817383,"val/ngram_123":3.423903703689575,"test/ngram_72":3.4137516021728516,"val/ngram_13":3.5450658798217773,"val/ngram_14":3.455124616622925,"test/ngram_17":3.553534984588623,"val/ngram_83":3.450766086578369,"val/ngram_106":3.469402551651001,"test/ngram_1":5.038914680480957,"test/ngram_64":3.44321870803833,"test/ngram_121":3.319059371948242,"val/ngram_125":3.384080171585083,"val/ngram_21":3.448488235473633,"test/ngram_109":3.5633764266967773,"test/ngram_57":3.502108573913574,"test/ngram_37":3.509794235229492,"test/ngram_10":3.6813971996307373,"test/ngram_71":3.3961682319641113,"val/ngram_117":3.3832554817199707,"test/ngram_9":3.617992401123047,"val/ngram_66":3.4555487632751465,"val/ngram_56":3.4487497806549072,"test/ngram_51":3.566342830657959,"test/ngram_83":3.319204330444336,"test/ngram_74":3.4867215156555176,"test/ngram_77":3.4336555004119873,"val/ngram_71":3.3389782905578613,"val/ngram_63":3.4832122325897217,"val/ngram_36":3.444146156311035,"val/ngram_126":3.4298808574676514,"test/ngram_63":3.3899474143981934,"val/ngram_116":3.396914005279541,"test/ngram_123":3.422793388366699,"val/ngram_92":3.4812512397766113,"val/ngram_70":3.3844170570373535,"test/ngram_40":3.533052444458008,"val/ngram_114":3.3998608589172363,"test/ngram_27":3.569045066833496,"val/ngram_127":3.364741325378418,"test/ngram_68":3.4752349853515625,"test/ngram_122":3.4697813987731934,"val/ngram_98":3.4485955238342285,"test/ngram_30":3.40228271484375,"test/ngram_55":3.535949230194092,"val/ngram_115":3.4182190895080566,"val/ngram_90":3.405475378036499,"test/ngram_3":3.9864301681518555,"_step":186060,"test/ngram_11":3.6081411838531494,"val/ngram_67":3.3832502365112305,"test/ngram_58":3.5497050285339355,"test/ngram_24":3.595679759979248,"val/ngram_84":3.5493364334106445,"val/ngram_11":3.552218437194824,"val/ngram_12":3.531590461730957,"test/ngram_84":3.5099127292633057,"val/ngram_61":3.406996488571167,"test/ngram_7":3.8135952949523926,"val/ngram_4":3.7503397464752197,"val/ngram_17":3.525682210922241,"test/ngram_47":3.503037929534912,"test/ngram_50":3.4187088012695312,"val/ngram_119":3.4268054962158203,"test/ngram_60":3.3872945308685303,"test/ngram_39":3.482820510864258,"test/ngram_99":3.4177486896514893,"test/ngram_79":3.3947179317474365,"test/ngram_54":3.5410358905792236,"val/ngram_43":3.553560733795166,"val/ngram_69":3.481863498687744,"test/ngram_94":3.4863979816436768,"val/ngram_103":3.396310806274414,"test/ngram_111":3.3562583923339844,"test/ngram_31":3.431708812713623,"test/ngram_126":3.3566548824310303,"val/ngram_37":3.488231897354126,"test/ngram_12":3.669957399368286,"val/ngram_49":3.4501914978027344,"val/ngram_62":3.34053635597229,"val/ngram_59":3.450376033782959,"test/ngram_23":3.4624807834625244,"_timestamp":1.7724128528672965e+09,"val/ngram_60":3.4837396144866943,"test/ngram_81":3.540534496307373,"val/ngram_34":3.4167230129241943,"test/ngram_76":3.3800292015075684,"test/ngram_14":3.4941039085388184,"val/ngram_78":3.4412841796875,"val/ngram_120":3.3247735500335693,"test/ngram_15":3.495398998260498,"val/ngram_108":3.4171347618103027,"test/ngram_21":3.5209217071533203,"val/ngram_85":3.437211275100708,"val/ngram_40":3.4499151706695557,"test/ngram_97":3.439873218536377,"val/ngram_25":3.447784185409546,"test/ngram_110":3.398850202560425,"val/ngram_94":3.3647265434265137,"test/ngram_108":3.3762691020965576,"test/ngram_43":3.4179675579071045,"val/ngram_97":3.2644050121307373,"val/ngram_47":3.5188028812408447,"val/ngram_5":3.823029041290283,"val/ngram_57":3.4258086681365967,"test/ngram_66":3.4855473041534424,"val/ngram_113":3.3686468601226807,"val/ngram_75":3.4481213092803955,"val/ngram_64":3.3555328845977783,"test/ngram_67":3.452991247177124,"test/ngram_44":3.5145535469055176,"val/ngram_96":3.423400640487671,"val/ngram_27":3.499437093734741,"val/ngram_65":3.3998734951019287,"test/ngram_115":3.342240810394287,"val/ngram_46":3.4503278732299805,"val/ngram_9":3.7076783180236816,"test/ngram_45":3.4191548824310303,"val/ngram_6":3.7734930515289307,"val/ngram_20":3.5015854835510254,"test/ngram_82":3.436920642852783,"val/ngram_44":3.4692814350128174,"val/ngram_35":3.5144944190979004,"test/ngram_100":3.50677227973938,"val/ngram_81":3.4057414531707764,"test/ngram_28":3.506403923034668,"val/ngram_110":3.3531274795532227,"test/ngram_73":3.4004101753234863,"val/ngram_8":3.5789759159088135,"val/ngram_39":3.3786988258361816,"val/ngram_52":3.4084019660949707,"test/ngram_114":3.5596072673797607,"test/ngram_5":3.870168685913086,"_wandb":{"runtime":9174},"val/ngram_82":3.448831796646118,"val/ngram_2":4.282919883728027,"test/ngram_26":3.5579581260681152,"train/loss":3.565000295639038,"test/ngram_53":3.4434046745300293,"val/ngram_93":3.333369255065918,"val/ngram_26":3.5398833751678467,"val/ngram_118":3.4179258346557617,"test/ngram_88":3.383695602416992,"val/ngram_105":3.4843273162841797,"val/ngram_88":3.3678557872772217,"test/ngram_4":3.9580984115600586,"_runtime":9174.725677351,"val/ngram_91":3.4874768257141113,"test/ngram_41":3.3854734897613525,"test/ngram_2":4.343659400939941,"val/ngram_18":3.478006601333618,"test/ngram_59":3.4418387413024902,"val/ngram_1":5.00462532043457,"val/ngram_58":3.404677629470825,"test/ngram_36":3.479721784591675,"test/ngram_104":3.2955427169799805,