{"val/ngram_5":4.71599006652832,"val/ngram_416":4.665802001953125,"val/ngram_263":4.5652756690979,"val/ngram_164":4.408150672912598,"val/ngram_410":4.384339809417725,"val/ngram_484":4.621224880218506,"val/ngram_151":4.555450916290283,"val/ngram_249":4.57766056060791,"val/ngram_63":4.496370315551758,"val/ngram_374":4.386257648468018,"val/ngram_387":4.403621673583984,"val/ngram_44":4.4796319007873535,"val/ngram_134":4.424623966217041,"val/ngram_508":4.2713847160339355,"val/ngram_61":4.59523344039917,"val/ngram_254":4.537534236907959,"val/ngram_244":4.497331142425537,"_runtime":4901.000014688,"val/ngram_329":4.379953384399414,"val/ngram_149":4.442807197570801,"val/ngram_62":4.396412372589111,"val/ngram_273":4.554719924926758,"val/ngram_165":4.485801696777344,"val/ngram_389":4.405863285064697,"val/ngram_9":4.69697380065918,"val/ngram_510":4.505556106567383,"val/ngram_418":4.373956680297852,"val/ngram_358":4.666837692260742,"val/ngram_447":4.498134136199951,"val/ngram_229":4.467580318450928,"val/ngram_495":4.384839057922363,"val/ngram_30":4.620233058929443,"val/ngram_392":4.484396934509277,"val/ngram_188":4.7136406898498535,"val/ngram_21":4.471319675445557,"val/ngram_6":4.6722025871276855,"val/ngram_475":4.50733757019043,"val/ngram_351":4.56719970703125,"val/ngram_96":4.528929233551025,"val/ngram_174":4.526315689086914,"val/ngram_400":4.568594455718994,"val/ngram_361":4.5926408767700195,"val/ngram_97":4.286018371582031,"val/ngram_118":4.68533992767334,"val/ngram_42":4.421661376953125,"val/ngram_286":4.43979549407959,"val/ngram_265":4.448174476623535,"val/ngram_192":4.506846904754639,"val/ngram_176":4.607645511627197,"val/ngram_173":4.744853496551514,"val/ngram_194":4.451643466949463,"val/ngram_8":4.480407238006592,"val/ngram_169":4.681118011474609,"val/ngram_255":4.442903518676758,"val/ngram_121":4.46983528137207,"val/ngram_180":4.557145118713379,"val/ngram_382":4.346591949462891,"val/ngram_271":4.596049785614014,"val/ngram_334":4.414881229400635,"val/ngram_451":4.379512310028076,"val/ngram_178":4.501358509063721,"val/ngram_51":4.588620662689209,"val/ngram_492":4.693220615386963,"val/ngram_166":4.489532470703125,"val/ngram_183":4.510431289672852,"val/ngram_435":4.616312503814697,"val/ngram_147":4.669461727142334,"val/ngram_446":4.34196662902832,"val/ngram_372":4.389113426208496,"val/ngram_70":4.443741798400879,"val/ngram_105":4.508718967437744,"val/ngram_227":4.442600727081299,"val/ngram_316":4.5180535316467285,"val/ngram_491":4.492997169494629,"val/ngram_377":4.570309638977051,"val/ngram_76":4.463263511657715,"val/ngram_233":4.569273471832275,"val/ngram_102":4.334043025970459,"val/ngram_328":4.374504089355469,"val/ngram_289":4.6657586097717285,"val/ngram_23":4.56166934967041,"val/ngram_120":4.342100143432617,"val/ngram_14":4.564182281494141,"val/ngram_41":4.516667366027832,"val/ngram_210":4.513280391693115,"val/ngram_104":4.4725236892700195,"val/ngram_453":4.686003684997559,"val/ngram_333":4.33111047744751,"val/ngram_320":4.594700336456299,"val/ngram_57":4.418812274932861,"val/ngram_291":4.524777889251709,"val/ngram_84":4.673239231109619,"val/ngram_111":4.225995063781738,"val/ngram_266":4.551039218902588,"val/ngram_467":4.526155471801758,"val/ngram_242":4.560855388641357,"val/ngram_46":4.5120015144348145,"val/ngram_293":4.592744827270508,"val/ngram_324":4.402240753173828,"val/ngram_279":4.579771995544434,"val/ngram_83":4.6304097175598145,"val/ngram_156":4.627418041229248,"val/ngram_284":4.655004501342773,"val/ngram_310":4.564342498779297,"val/ngram_171":4.465409755706787,"val/ngram_34":4.494241237640381,"val/ngram_209":4.545356750488281,"val/ngram_331":4.410598278045654,"val/ngram_511":4.433838844299316,"val/ngram_401":4.524708271026611,"val/ngram_67":4.534337520599365,"val/ngram_355":4.593820571899414,"val/ngram_110":4.5922088623046875,"val/ngram_113":4.524693489074707,"val/ngram_356":4.6817803382873535,"val/ngram_108":4.661365509033203,"val/ngram_350":4.422418594360352,"_wandb":{"runtime":4901},"val/ngram_187":4.43236780166626,"val/ngram_235":4.31842565536499,"val/ngram_395":4.404397010803223,"val/ngram_31":4.652231216430664,"val/ngram_300":4.5414719581604,"val/ngram_409":4.312145709991455,"val/ngram_422":4.5017991065979,"val/ngram_503":4.62447452545166,"val/ngram_68":4.50051736831665,"val/ngram_439":4.330723762512207,"val/ngram_462":4.4814629554748535,"val/ngram_283":4.506888389587402,"val/ngram_306":4.533851146697998,"val/ngram_405":4.24385929107666,"val/ngram_483":4.416613578796387,"val/ngram_388":4.311092853546143,"val/ngram_2":4.6841301918029785,"val/ngram_307":4.468479156494141,"val/ngram_473":4.60428524017334,"val/ngram_437":4.468599796295166,"val/ngram_362":4.516447067260742,"val/ngram_58":4.298426151275635,"val/ngram_125":4.499218940734863,"val/ngram_457":4.45805549621582,"val/ngram_317":4.435581207275391,"val/ngram_186":4.556886196136475,"val/ngram_181":4.477858543395996,"val/ngram_12":4.283568382263184,"val/ngram_252":4.5305962562561035,"val/ngram_32":4.570281505584717,"val/ngram_489":4.522553443908691,"val/ngram_301":4.5985918045043945,"val/ngram_272":4.4097466468811035,"val/ngram_267":4.55379581451416,"val/ngram_184":4.563751220703125,"val/ngram_115":4.425904273986816,"val/ngram_148":4.466345310211182,"val/ngram_161":4.548454284667969,"val/ngram_312":4.563064098358154,"val/ngram_199":4.381928443908691,"val/ngram_371":4.463302135467529,"val/ngram_135":4.348985195159912,"val/ngram_190":4.301150798797607,"val/ngram_103":4.382844924926758,"val/ngram_494":4.339595317840576,"val/ngram_213":4.396396636962891,"val/ngram_208":4.612631320953369,"val/ngram_325":4.495138168334961,"train/loss":4.542692184448242,"val/ngram_406":4.373714923858643,"val/ngram_179":4.566393852233887,"val/ngram_93":4.43655252456665,"val/ngram_504":4.575080871582031,"val/ngram_476":4.464330673217773,"val/ngram_259":4.430685997009277,"val/ngram_288":4.530806064605713,"val/ngram_204":4.636256694793701,"val/ngram_506":4.428670883178711,"val/ngram_445":4.437088966369629,"val/ngram_28":4.623610019683838,"val/ngram_138":4.415219783782959,"val/ngram_212":4.481533050537109,"val/ngram_490":4.542628765106201,"val/ngram_396":4.557688236236572,"val/ngram_35":4.6483473777771,"val/ngram_370":4.567978858947754,"val/ngram_479":4.446888446807861,"val/ngram_130":4.44529390335083,"val/ngram_230":4.520489692687988,"val/ngram_90":4.433180809020996,"val/ngram_79":4.488131046295166,"val/ngram_420":4.461672306060791,"val/ngram_431":4.785414218902588,"val/ngram_236":4.516745090484619,"val/ngram_268":4.576799392700195,"val/ngram_359":4.516655921936035,"val/ngram_436":4.48311185836792,"val/ngram_143":4.503457069396973,"val/ngram_211":4.44206428527832,"val/ngram_502":4.48380708694458,"val/ngram_299":4.445196628570557,"val/ngram_3":4.869251728057861,"val/ngram_107":4.594885349273682,"val/ngram_256":4.4695048332214355,"val/ngram_434":4.234524250030518,"val/ngram_55":4.489097595214844,"val/ngram_196":4.477358341217041,"val/ngram_167":4.376700401306152,"val/ngram_95":4.4610395431518555,"val/ngram_318":4.332399845123291,"val/ngram_345":4.456577777862549,"val/ngram_464":4.529976844787598,"val/ngram_452":4.239988803863525,"val/ngram_145":4.494686603546143,"val/ngram_379":4.504358768463135,"val/ngram_241":4.463559627532959,"val/ngram_116":4.350378513336182,"val/ngram_72":4.446003437042236,"val/ngram_38":4.463944911956787,"val/ngram_407":4.344615936279297,"val/ngram_384":4.648503303527832,"val/ngram_332":4.584110736846924,"val/ngram_251":4.420437335968018,"val/ngram_245":4.733412742614746,"val/ngram_170":4.594610214233398,"val/ngram_216":4.555513858795166,"val/ngram_153":4.457118034362793,"val/ngram_427":4.628005504608154,"val/ngram_33":4.538751602172852,"val/ngram_419":4.588177680969238,"val/ngram_78":4.562024116516113,"val/ngram_193":4.636215686798096,"val/ngram_261":4.358150005340576,"val/ngram_160":4.589748859405518,"val/ngram_302":4.6259002685546875,"val/ngram_397":4.496705532073975,"val/ngram_106":4.637027263641357,"val/ngram_366":4.49267053604126,"val/ngram_206":4.468200206756592,