{"val/ngram_39":3.9465134143829346,"val/ngram_78":4.005800724029541,"val/ngram_64":3.951500654220581,"test/ngram_60":3.958425521850586,"val/ngram_98":4.011622905731201,"val/ngram_2":4.493960857391357,"val/ngram_42":3.9769768714904785,"test/ngram_44":4.087469577789307,"val/ngram_24":4.027466297149658,"val/ngram_63":4.066191673278809,"val/ngram_36":4.0073628425598145,"val/ngram_49":3.987332582473755,"val/ngram_103":3.9190056324005127,"test/ngram_66":4.013094425201416,"val/ngram_65":3.9901397228240967,"val/ngram_69":4.03492546081543,"val/ngram_23":4.062296390533447,"val/ngram_123":3.973653554916382,"val/ngram_107":3.9829185009002686,"test/ngram_12":4.186604022979736,"test/ngram_16":4.093083381652832,"val/ngram_37":4.0461745262146,"val/ngram_25":4.019448280334473,"val/ngram_81":3.93133544921875,"test/ngram_38":4.011048793792725,"val/ngram_74":3.8903465270996094,"val/ngram_29":4.1036763191223145,"val/ngram_33":4.043423652648926,"test/ngram_107":4.013784408569336,"test/ngram_82":4.004203796386719,"test/ngram_3":4.276490688323975,"val/ngram_68":3.8853135108947754,"test/ngram_109":4.140249729156494,"val/ngram_91":4.084103107452393,"val/ngram_1":5.097832202911377,"val/ngram_106":4.028014659881592,"test/ngram_37":4.071995258331299,"val/ngram_62":3.882601737976074,"_timestamp":1.7723976430630753e+09,"test/ngram_43":4.013433933258057,"test/ngram_91":3.9396820068359375,"test/ngram_55":4.075107097625732,"val/ngram_101":4.025871276855469,"test/ngram_53":4.030503749847412,"test/ngram_85":4.03488302230835,"test/ngram_4":4.340295314788818,"test/ngram_92":4.120828151702881,"_step":186060,"test/ngram_63":3.961674451828003,"test/ngram_98":4.006237983703613,"test/ngram_77":4.041445732116699,"val/ngram_26":4.0758442878723145,"val/ngram_43":4.091269493103027,"val/ngram_117":3.9729764461517334,"test/ngram_72":4.012141227722168,"test/ngram_124":3.9382176399230957,"val/ngram_112":3.996999502182007,"val/ngram_75":4.02105188369751,"val/ngram_97":3.8248636722564697,"val/ngram_71":3.9037482738494873,"test/ngram_79":3.98240327835083,"test/ngram_13":4.108988285064697,"test/ngram_28":4.063551425933838,"test/ngram_122":4.032869815826416,"test/ngram_89":4.041317939758301,"val/ngram_32":4.057407379150391,"test/ngram_31":4.010354042053223,"test/ngram_86":4.037003040313721,"val/ngram_55":3.949270009994507,"test/ngram_8":4.1740336418151855,"val/ngram_16":4.055236339569092,"_runtime":4556.574261323,"val/ngram_45":4.099637508392334,"val/ngram_56":4.041224479675293,"val/ngram_48":4.007194519042969,"test/ngram_97":3.9892024993896484,"test/ngram_119":3.9304516315460205,"test/ngram_5":4.258023738861084,"val/ngram_82":4.027918338775635,"val/ngram_118":3.9905381202697754,"test/ngram_84":4.084855079650879,"test/ngram_87":4.050335884094238,"test/ngram_49":4.0688042640686035,"val/ngram_72":3.9737980365753174,"val/ngram_120":3.9243950843811035,"test/ngram_95":4.014320373535156,"test/ngram_123":4.029717445373535,"val/ngram_108":4.021410942077637,"test/ngram_34":4.066045761108398,"val/ngram_61":3.9712798595428467,"val/ngram_19":3.9846630096435547,"val/ngram_14":4.023155212402344,"val/ngram_119":4.018386363983154,"val/ngram_102":4.009477615356445,"test/ngram_27":4.122503757476807,"test/ngram_32":4.070254325866699,"val/ngram_59":3.982149124145508,"val/ngram_121":4.030714988708496,"test/ngram_96":3.9368321895599365,"val/ngram_87":3.94842267036438,"val/ngram_57":3.9746062755584717,"val/ngram_79":3.9373326301574707,"val/ngram_8":4.055330276489258,"val/ngram_77":3.83840012550354,"val/ngram_60":4.047426700592041,"test/ngram_94":4.101846218109131,"test/ngram_9":4.080482482910156,"val/ngram_122":3.969186305999756,"val/ngram_127":3.9495835304260254,"val/ngram_18":4.030257701873779,"val/ngram_58":3.9356493949890137,"val/ngram_116":3.9520773887634277,"test/ngram_2":4.612370014190674,"test/ngram_111":3.97507905960083,"test/ngram_103":4.054442882537842,"test/ngram_47":4.087881565093994,"test/ngram_88":3.9836912155151367,"val/ngram_3":4.297262191772461,"val/ngram_84":4.106766223907471,"val/ngram_50":3.9346208572387695,"test/ngram_105":4.084340572357178,"val/ngram_11":3.9819133281707764,"test/ngram_46":4.153994560241699,"test/ngram_115":3.9071574211120605,"val/ngram_38":3.9576315879821777,"test/ngram_51":4.133811950683594,"test/ngram_18":3.9891364574432373,"val/ngram_93":3.853665828704834,"val/ngram_40":4.040976047515869,"train/loss":4.139032363891602,"test/ngram_120":4.01024055480957,"test/ngram_17":4.132493019104004,"test/ngram_30":3.9770667552948,"test/ngram_83":3.8537001609802246,"val/ngram_54":3.9823241233825684,"test/ngram_81":4.079662799835205,"val/ngram_35":4.069922924041748,"val/ngram_89":4.004331111907959,"val/ngram_20":4.0461344718933105,"val/ngram_53":4.006581783294678,"val/ngram_90":3.957385301589966,"test/ngram_39":4.052189826965332,"test/ngram_35":4.009497165679932,"val/ngram_80":4.004448413848877,"val/ngram_51":4.057610034942627,"test/ngram_112":4.006774425506592,"val/ngram_114":3.9996659755706787,"val/ngram_66":4.007851600646973,"val/ngram_28":4.040738105773926,"test/ngram_108":3.976264476776123,"test/ngram_11":4.117330074310303,"val/ngram_46":4.055417537689209,"test/ngram_29":4.040924072265625,"test/ngram_40":4.088369846343994,"val/ngram_113":3.998100996017456,"val/ngram_6":4.241182804107666,"val/ngram_115":4.007890224456787,"val/ngram_27":4.064598560333252,"val/ngram_95":3.959559679031372,"val/ngram_47":4.080227375030518,"test/ngram_20":4.028461456298828,"val/ngram_10":4.092665195465088,"val/ngram_124":3.9069104194641113,"val/ngram_126":3.985852003097534,"test/ngram_73":3.942495346069336,"test/ngram_52":4.005444526672363,"val/ngram_13":4.0869975090026855,"test/ngram_71":3.961405038833618,"test/ngram_33":4.068233966827393,"val/ngram_83":3.9939780235290527,"test/ngram_99":3.984630584716797,"val/ngram_88":3.977083683013916,"val/ngram_94":3.986147403717041,"test/ngram_117":4.026271820068359,"val/ngram_125":3.9893486499786377,"test/ngram_126":3.9191808700561523,"val/ngram_111":3.951772451400757,"val/ngram_30":4.089505195617676,"val/ngram_92":4.042476654052734,"test/ngram_121":3.944361448287964,"test/ngram_106":3.976572036743164,"val/ngram_110":3.9555444717407227,"test/ngram_125":4.031608581542969,"val/ngram_85":3.9584295749664307,"val/ngram_22":3.9615869522094727,"test/ngram_102":3.962338924407959,"val/ngram_105":4.067026138305664,"test/ngram_14":4.075103759765625,"test/ngram_26":4.0716233253479,"test/ngram_36":4.0543012619018555,"val/ngram_15":4.065990924835205,"val/ngram_17":4.109321594238281,"test/ngram_74":4.037274360656738,"test/ngram_42":3.9550297260284424,"val/ngram_44":4.04778528213501,"test/ngram_62":3.93253755569458,"test/ngram_75":4.028770923614502,"test/ngram_118":4.028843402862549,"test/ngram_93":3.874859571456909,"val/ngram_100":4.044862747192383,"val/ngram_86":3.9279062747955322,"test/ngram_114":4.147369861602783,"val/ngram_99":3.95810604095459,"test/ngram_80":3.968716859817505,"test/ngram_45":4.011934280395508,"test/ngram_48":4.012794017791748,"test/ngram_76":3.9433798789978027,"_wandb":{"runtime":4556},"val/ngram_41":4.0123610496521,"test/ngram_110":4.01006555557251,"test/ngram_19":4.115741729736328,"val/ngram_12":4.070458889007568,"test/ngram_61":3.932373046875,"test/ngram_15":4.012171268463135,"val/ngram_7":4.053712368011475,"val/ngram_34":3.9902734756469727,"val/ngram_104":4.011691570281982,"val/ngram_96":4.0018720626831055,"test/ngram_22":4.083427429199219,"test/ngram_56":3.9995083808898926,"test/ngram_23":3.987065553665161,"test/ngram_54":4.050649642944336,"test/ngram_127":4.007305145263672,"test/ngram_100":4.058479309082031,"val/ngram_76":4.0804009437561035,"test/ngram_67":4.056351661682129,"test/ngram_64":4.001454830169678,"val/ngram_5":4.205633640289307,"test/ngram_57":4.028385639190674,"test/ngram_41":3.9724438190460205,"val/ngram_9":4.177300930023193,"test/ngram_101":3.9344165325164795,"val/ngram_52":3.98437237739563,"val/ngram_109":3.9773521423339844,"test/ngram_104":3.8951056003570557,"test/ngram_113":4.0183258056640625,"test/ngram_1":5.144496917724609,