{"test/ngram_11":3.8432555198669434,"val/ngram_5":3.985361099243164,"val/ngram_26":3.822696447372437,"combined/ngram_3":4.200343608856201,"test/ngram_78":3.70001220703125,"test/ngram_117":3.700212001800537,"test/ngram_106":3.6584911346435542,"combined/ngram_2":4.551990509033203,"val/ngram_16":3.713807821273804,"val/ngram_88":3.674817562103271,"combined/ngram_38":3.712237596511841,"val/ngram_104":3.737891674041748,"test/ngram_112":3.681626081466675,"test/ngram_50":3.6761457920074463,"val/ngram_20":3.710023641586304,"test/ngram_65":3.724486112594605,"combined/ngram_50":3.6813161373138428,"test/ngram_18":3.6665358543396,"combined/ngram_32":3.796886682510376,"test/ngram_81":3.7884364128112793,"val/ngram_66":3.729437351226806,"val/ngram_60":3.743393421173096,"test/ngram_19":3.8011977672576904,"test/ngram_120":3.673837900161743,"test/ngram_57":3.752847671508789,"val/ngram_127":3.652609825134278,"val/ngram_96":3.694901704788208,"combined/ngram_76":3.7396905422210693,"test/ngram_2":4.44799280166626,"test/ngram_64":3.696006774902344,"val/ngram_9":3.9327824115753174,"val/ngram_37":3.734419584274292,"combined/ngram_118":3.742250680923462,"combined/ngram_66":3.7369258403778076,"combined/ngram_4":4.115270137786865,"val/ngram_41":3.675468683242798,"val/ngram_52":3.704071044921875,"test/ngram_58":3.7917709350585938,"val/ngram_54":3.716508150100708,"combined/ngram_29":3.8075530529022217,"val/ngram_105":3.7449958324432377,"val/ngram_70":3.676088094711304,"combined/ngram_19":3.811033248901367,"combined/ngram_91":3.7162561416625977,"test/ngram_36":3.764610290527344,"val/ngram_55":3.673821210861206,"val/ngram_91":3.754347562789917,"combined/ngram_102":3.7129573822021484,"test/ngram_111":3.6523923873901367,"val/ngram_39":3.6702451705932617,"combined/ngram_86":3.680385112762451,"val/ngram_123":3.664066791534424,"val/ngram_87":3.6454648971557617,"combined/ngram_47":3.8166282176971436,"test/ngram_102":3.653022527694702,"test/ngram_49":3.780543327331543,"test/ngram_54":3.767429828643799,"combined/ngram_17":3.880023956298828,"val/ngram_57":3.6794919967651367,"combined/ngram_112":3.6840944290161133,"val/ngram_89":3.694162607192993,"val/ngram_30":3.790036678314209,"test/ngram_10":3.887086153030395,"val/ngram_121":3.712830066680908,"combined/ngram_110":3.6744961738586426,"test/ngram_80":3.700310468673706,"test/ngram_91":3.6531214714050297,"test/ngram_27":3.8355281352996826,"val/ngram_15":3.787852525711059,"test/ngram_116":3.7092673778533936,"combined/ngram_127":3.6933753490448,"test/ngram_3":4.097686290740967,"test/ngram_59":3.7053029537200928,"test/ngram_68":3.73355770111084,"combined/ngram_21":3.786752939224243,"combined/ngram_108":3.713784694671631,"combined/ngram_61":3.6866531372070312,"test/ngram_61":3.6644504070281982,"val/ngram_82":3.737361907958984,"test/ngram_85":3.7073192596435542,"combined/ngram_63":3.7352237701416016,"val/ngram_46":3.770399570465088,"test/ngram_52":3.727612257003784,"val/ngram_81":3.6548619270324703,"val/ngram_42":3.691993236541748,"test/ngram_6":3.9060721397399902,"test/ngram_35":3.721004009246826,"combined/ngram_125":3.7121338844299316,"combined/ngram_24":3.8427019119262695,"val/ngram_68":3.569300889968872,"combined/ngram_10":3.9076485633850098,"combined/ngram_98":3.7382760047912598,"test/ngram_20":3.7275021076202393,"combined/ngram_37":3.808913469314575,"test/ngram_115":3.603886842727661,"val/ngram_125":3.673548936843872,"test/ngram_88":3.6967320442199703,"val/ngram_86":3.605851411819458,"test/ngram_37":3.772454023361206,"test/ngram_89":3.722167015075683,"test/ngram_30":3.671364545822144,"val/ngram_102":3.708049297332764,"test/ngram_47":3.799995183944702,"combined/ngram_124":3.6461191177368164,"val/ngram_8":3.8118317127227783,"test/ngram_97":3.689207792282105,"test/ngram_26":3.786745309829712,"test/ngram_55":3.808811902999878,"combined/ngram_51":3.8163020610809326,"combined/ngram_81":3.751101493835449,"combined/ngram_8":3.9540061950683594,"val/ngram_48":3.6829004287719727,"val/ngram_6":3.967634916305542,"test/ngram_90":3.775436401367187,"combined/ngram_106":3.6953189373016357,"combined/ngram_114":3.7945966720581055,"combined/ngram_93":3.6139533519744873,"test/ngram_76":3.6583690643310542,"test/ngram_79":3.687620162963867,"combined/ngram_111":3.686063766479492,"combined/ngram_27":3.8416974544525146,"test/ngram_22":3.7867085933685303,"val/ngram_65":3.656624794006348,"combined/ngram_77":3.6672122478485107,"combined/ngram_99":3.6805973052978516,"val/ngram_1":5.021640300750732,"val/ngram_92":3.728055477142334,"test/ngram_56":3.706547260284424,"test/ngram_46":3.8579254150390625,"val/ngram_79":3.6284430027008057,"combined/ngram_71":3.6765058040618896,"test/ngram_113":3.677018404006958,"combined/ngram_30":3.7793850898742676,"val/ngram_97":3.530850887298584,"val/ngram_31":3.765801429748535,"combined/ngram_62":3.6219046115875244,"val/ngram_7":3.803140878677368,"combined/ngram_105":3.7645604610443115,"val/ngram_80":3.6930594444274902,"test/ngram_109":3.8465864658355713,"test/ngram_31":3.712757110595703,"val/ngram_11":3.768641710281372,"combined/ngram_84":3.8071181774139404,"combined/ngram_85":3.7406725883483887,"val/ngram_114":3.690696954727173,"combined/ngram_107":3.7075352668762207,"val/ngram_38":3.669304609298706,"val/ngram_118":3.700202465057373,"test/ngram_21":3.780165672302246,"val/ngram_126":3.6919829845428462,"combined/ngram_58":3.743765115737915,"combined/ngram_70":3.7347917556762695,"test/ngram_69":3.724857807159424,"val/ngram_85":3.6791679859161377,"val/ngram_103":3.641535520553589,"val/ngram_45":3.797517061233521,"val/ngram_50":3.629173517227173,"val/ngram_77":3.52984356880188,"combined/ngram_31":3.7748258113861084,"test/ngram_13":3.813133001327514,"val/ngram_101":3.744290828704834,"test/ngram_25":3.820693492889404,"val/ngram_63":3.751275539398194,"combined/ngram_67":3.715812921524048,"test/ngram_23":3.708392858505249,"val/ngram_83":3.725994110107422,"test/ngram_67":3.716590404510498,"test/ngram_125":3.7422971725463863,"val/ngram_3":4.116698265075684,"val/ngram_113":3.674284696578979,"combined/ngram_95":3.6898720264434814,"test/ngram_42":3.650232553482056,"combined/ngram_49":3.775381565093994,"val/ngram_36":3.690500259399414,"val/ngram_108":3.7058048248291016,"test/ngram_45":3.704826831817627,"combined/ngram_18":3.776285409927368,"val/ngram_106":3.715911865234375,"combined/ngram_25":3.812527894973755,"combined/ngram_52":3.738881826400757,"val/ngram_51":3.736605167388916,"val/ngram_32":3.7246367931365967,"test/ngram_114":3.852201461791992,"test/ngram_75":3.708299160003662,"combined/ngram_87":3.717106342315674,"combined/ngram_96":3.7067391872406006,"test/ngram_51":3.8329336643218994,"combined/ngram_64":3.6921274662017822,"val/ngram_120":3.6062591075897217,"val/ngram_27":3.782023668289185,"combined/ngram_113":3.6969385147094727,"val/ngram_100":3.737436294555664,"test/ngram_84":3.792910575866699,"test/ngram_118":3.7466208934783936,"val/ngram_14":3.706218957901001,"combined/ngram_9":3.930577039718628,"combined/ngram_109":3.803345203399658,"combined/ngram_13":3.8653786182403564,"val/ngram_95":3.642668247222901,"val/ngram_12":3.807852745056152,"combined/ngram_65":3.756774663925171,"test/ngram_96":3.634537935256958,"test/ngram_126":3.614549160003662,"val/ngram_119":3.7134063243865967,"val/ngram_17":3.806120634078979,"combined/ngram_75":3.732574701309204,"val/ngram_2":4.371243476867676,"test/ngram_105":3.754443883895874,"test/ngram_119":3.6101088523864746,"test/ngram_5":4.036005973815918,"val/ngram_116":3.649172306060791,"test/ngram_70":3.6861839294433594,"val/ngram_74":3.609842300415039,"combined/ngram_126":3.6585803031921387,"val/ngram_112":3.670753717422486,"test/ngram_12":3.934593677520752,"val/ngram_35":3.7670159339904785,"combined/ngram_39":3.759024143218994,"combined/ngram_89":3.7341291904449463,"test/ngram_39":3.732431650161743,"test/ngram_48":3.7232351303100586,"test/ngram_41":3.656270980834961,"val/ngram_56":3.709207534790039,"test/ngram_93":3.5702404975891113,"combined/ngram_44":3.794384479522705,"test/ngram_29":3.745139598846435,