{"train/loss":5.418397903442383,"train/ngram_1":5.418397903442383,"_wandb":{"runtime":6389},"_runtime":6389.700654916,"_timestamp":1.772073778430985e+09,"_step":42000}