{"test/ngram_14":3.4941039085388184,"test/ngram_85":3.431042194366455,"val/ngram_53":3.4292609691619873,"val/ngram_17":3.525682210922241,"test/ngram_36":3.479721784591675,"combined/ngram_103":3.38743257522583,"test/ngram_115":3.342240810394287,"val/ngram_44":3.4692814350128174,"val/ngram_114":3.3998608589172363,"val/ngram_10":3.558892726898194,"val/ngram_24":3.525562047958374,"val/ngram_51":3.4944889545440674,"val/ngram_59":3.450376033782959,"combined/ngram_87":3.4209697246551514,"val/ngram_1":5.00462532043457,"test/ngram_78":3.425969362258911,"test/ngram_109":3.5633764266967773,"combined/ngram_1":5.208812236785889,"test/ngram_94":3.4863979816436768,"test/ngram_73":3.4004101753234863,"test/ngram_33":3.4850354194641113,"test/ngram_31":3.431708812713623,"combined/ngram_125":3.4245541095733643,"val/ngram_74":3.361067295074463,"val/ngram_5":3.823029041290283,"test/ngram_30":3.40228271484375,"test/ngram_107":3.3793246746063232,"test/ngram_86":3.425445079803467,"val/ngram_42":3.4227006435394287,"test/ngram_19":3.565022230148315,"val/ngram_77":3.2957422733306885,"val/ngram_46":3.4503278732299805,"test/ngram_68":3.4752349853515625,"test/ngram_113":3.3869307041168213,"combined/ngram_21":3.5058610439300537,"combined/ngram_84":3.532106637954712,"test/ngram_117":3.4395065307617188,"combined/ngram_53":3.446591854095459,"val/ngram_8":3.5789759159088135,"val/ngram_40":3.4499151706695557,"combined/ngram_91":3.417117118835449,"combined/ngram_114":3.493417978286743,"val/ngram_23":3.519216299057007,"test/ngram_91":3.4016761779785156,"combined/ngram_123":3.4099807739257812,"combined/ngram_63":3.445158004760742,"test/ngram_9":3.617992401123047,"test/ngram_20":3.488807678222656,"val/ngram_115":3.4182190895080566,"val/ngram_36":3.444146156311035,"test/ngram_22":3.5463438034057617,"val/ngram_31":3.4622998237609863,"val/ngram_107":3.3696136474609375,"test/ngram_16":3.5695173740386963,"val/ngram_9":3.7076783180236816,"val/ngram_57":3.4258086681365967,"combined/ngram_35":3.500635862350464,"val/ngram_93":3.333369255065918,"combined/ngram_119":3.3729732036590576,"val/ngram_73":3.341566562652588,"combined/ngram_40":3.513364791870117,"val/ngram_88":3.3678557872772217,"test/ngram_10":3.6813971996307377,"combined/ngram_67":3.412689447402954,"val/ngram_75":3.4481213092803955,"val/ngram_109":3.343920946121216,"val/ngram_39":3.3786988258361816,"test/ngram_32":3.5302114486694336,"_timestamp":1.7729181137700396e+09,"test/ngram_24":3.595679759979248,"combined/ngram_72":3.4424502849578857,"test/ngram_67":3.452991247177124,"test/ngram_26":3.5579581260681152,"combined/ngram_33":3.496748924255371,"val/ngram_85":3.437211275100708,"val/ngram_43":3.553560733795166,"val/ngram_25":3.447784185409546,"val/ngram_49":3.4501914978027344,"combined/ngram_112":3.4029183387756348,"combined/ngram_97":3.351402759552002,"test/ngram_41":3.3854734897613525,"test/ngram_77":3.4336555004119873,"val/ngram_102":3.486241340637207,"val/ngram_66":3.4555487632751465,"test/ngram_43":3.4179675579071045,"val/ngram_90":3.405475378036499,"test/ngram_83":3.319204330444336,"test/ngram_64":3.44321870803833,"val/ngram_117":3.3832554817199707,"combined/ngram_7":3.7847325801849365,"val/ngram_76":3.4862077236175537,"combined/ngram_36":3.4914891719818115,"combined/ngram_5":3.9163053035736084,"val/ngram_37":3.488231897354126,"test/ngram_121":3.319059371948242,"val/ngram_14":3.455124616622925,"test/ngram_28":3.506403923034668,"val/ngram_112":3.3623321056365967,"test/ngram_74":3.4867215156555176,"test/ngram_100":3.50677227973938,"combined/ngram_116":3.3795433044433594,"test/ngram_66":3.4855473041534424,"val/ngram_50":3.3410327434539795,"val/ngram_119":3.4268054962158203,"combined/ngram_12":3.677767276763916,"combined/ngram_122":3.397855758666992,"val/ngram_62":3.34053635597229,"combined/ngram_111":3.3752241134643555,"test/ngram_95":3.390674352645874,"combined/ngram_77":3.3726632595062256,"val/ngram_64":3.3555328845977783,"val/ngram_61":3.406996488571167,"combined/ngram_14":3.537644624710083,"test/ngram_122":3.469781398773194,"combined/ngram_23":3.52634859085083,"val/ngram_19":3.430575370788574,"combined/ngram_48":3.4675772190093994,"val/ngram_81":3.4057414531707764,"test/ngram_4":3.9580984115600586,"combined/ngram_37":3.5236189365386963,"combined/ngram_66":3.4624359607696533,"test/ngram_71":3.3961682319641113,"val/ngram_92":3.4812512397766113,"test/ngram_69":3.428640365600586,"combined/ngram_120":3.3736648559570312,"test/ngram_25":3.573503017425537,"test/ngram_46":3.5747363567352295,"combined/ngram_65":3.467036008834839,"combined/ngram_88":3.3810813426971436,"test/ngram_123":3.422793388366699,"test/ngram_98":3.426401138305664,"val/ngram_99":3.385239362716675,"combined/ngram_17":3.614161968231201,"test/ngram_88":3.383695602416992,"val/ngram_41":3.4431395530700684,"val/ngram_52":3.4084019660949707,"val/ngram_48":3.4556493759155273,"combined/ngram_75":3.428797483444214,"val/ngram_7":3.6208066940307617,"combined/ngram_69":3.4557926654815674,"combined/ngram_102":3.4270782470703125,"_runtime":9174,"_step":186061,"val/ngram_4":3.75033974647522,"val/ngram_98":3.4485955238342285,"test/ngram_53":3.4434046745300293,"test/ngram_63":3.389947414398194,"test/ngram_50":3.4187088012695312,"test/ngram_48":3.4994168281555176,"combined/ngram_61":3.403440475463867,"combined/ngram_83":3.3993566036224365,"test/ngram_125":3.445005416870117,"val/ngram_82":3.448831796646118,"test/ngram_55":3.535949230194092,"combined/ngram_121":3.376479387283325,"test/ngram_51":3.566342830657959,"test/ngram_118":3.51483154296875,"test/ngram_116":3.4390530586242676,"val/ngram_34":3.4167230129241943,"test/ngram_49":3.497748851776123,"val/ngram_65":3.3998734951019287,"test/ngram_110":3.398850202560425,"combined/ngram_28":3.5283427238464355,"test/ngram_79":3.3947179317474365,"val/ngram_20":3.5015854835510254,"test/ngram_8":3.743279218673706,"combined/ngram_76":3.4332704544067383,"combined/ngram_11":3.6254336833953857,"combined/ngram_39":3.464724540710449,"val/ngram_26":3.5398833751678467,"combined/ngram_57":3.4627621173858643,"val/ngram_45":3.5293426513671875,"combined/ngram_13":3.619298219680786,"test/ngram_27":3.569045066833496,"combined/ngram_124":3.3641467094421387,"val/ngram_123":3.423903703689575,"test/ngram_37":3.509794235229492,"val/ngram_79":3.3667328357696533,"val/ngram_94":3.3647265434265137,"combined/ngram_100":3.470900058746338,"val/ngram_56":3.4487497806549072,"combined/ngram_82":3.4349896907806396,"combined/ngram_41":3.4140090942382812,"test/ngram_119":3.3482470512390137,"val/ngram_30":3.5017871856689453,"val/ngram_35":3.5144944190979004,"test/ngram_58":3.5497050285339355,"val/ngram_28":3.4734232425689697,"combined/ngram_43":3.500434160232544,"test/ngram_59":3.4418387413024902,"test/ngram_2":4.343659400939941,"combined/ngram_104":3.3795108795166016,"combined/ngram_92":3.5083844661712646,"val/ngram_68":3.329481601715088,"val/ngram_125":3.384080171585083,"val/ngram_54":3.4479410648345947,"test/ngram_99":3.4177486896514893,"val/ngram_21":3.448488235473633,"val/ngram_15":3.498901128768921,"combined/ngram_54":3.4974000453948975,"combined/ngram_90":3.443601608276367,"test/ngram_70":3.417336940765381,"combined/ngram_9":3.7177188396453857,"test/ngram_61":3.396914482116699,"test/ngram_45":3.4191548824310303,"test/ngram_52":3.467020273208618,"val/ngram_110":3.3531274795532227,"val/ngram_124":3.3464887142181396,"test/ngram_57":3.502108573913574,"val/ngram_16":3.461945056915283,"val/ngram_3":3.979627132415771,"test/ngram_60":3.3872945308685303,"val/ngram_27":3.499437093734741,"combined/ngram_79":3.3735735416412354,"val/ngram_97":3.2644050121307373,"val/ngram_121":3.4247350692749023,"val/ngram_116":3.396914005279541,"val/ngram_32":3.420128107070923,"val/ngram_87":3.37062931060791,"test/ngram_34":3.481971502304077,"combined/ngram_26":3.558128833770752,"combined/ngram_25":3.533498525619507,"val/ngram_22":3.4170892238616943,"val/ngram_71":3.3389782905578613,"combined/ngram_49":3.4895715713500977,"test/ngram_104":3.2955427169799805,"test/ngram_120":3.403982162475586,