{"combined/ngram_61":3.0072543621063232,"combined/ngram_127":2.9752533435821533,"_runtime":101608,"val/ngram_15":3.1708028316497803,"val/ngram_72":3.055783987045288,"test/ngram_30":3.0695724487304688,"test/ngram_53":3.082150936126709,"test/ngram_86":3.011491298675537,"test/ngram_12":3.4005467891693115,"test/ngram_62":3.01135516166687,"combined/ngram_37":3.130324602127075,"combined/ngram_26":3.178605556488037,"val/ngram_80":3.0420689582824707,"val/ngram_117":2.9827985763549805,"combined/ngram_64":3.006591796875,"val/ngram_28":3.1083014011383057,"combined/ngram_97":2.9185683727264404,"combined/ngram_98":3.0178089141845703,"val/ngram_113":3.018016576766968,"test/ngram_41":3.013803005218506,"combined/ngram_45":3.079322338104248,"val/ngram_76":3.1028754711151123,"val/ngram_17":3.2044239044189453,"combined/ngram_2":4.4426655769348145,"test/ngram_66":3.0953009128570557,"combined/ngram_57":3.0827908515930176,"test/ngram_76":2.965200662612915,"val/ngram_97":2.8917322158813477,"combined/ngram_77":2.9414801597595215,"test/ngram_46":3.1933064460754395,"test/ngram_94":3.108020544052124,"val/ngram_73":2.980903387069702,"test/ngram_103":3.029905319213867,"test/ngram_15":3.197755813598633,"test/ngram_93":2.914520025253296,"val/ngram_40":3.134942054748535,"combined/ngram_65":3.055551767349243,"val/ngram_3":3.869542837142944,"val/ngram_110":2.974970579147339,"test/ngram_45":3.0440785884857178,"test/ngram_106":2.9491820335388184,"val/ngram_29":3.1761655807495117,"combined/ngram_124":2.9344024658203125,"val/ngram_43":3.1513452529907227,"val/ngram_7":3.385809421539306,"test/ngram_118":3.0958051681518555,"val/ngram_13":3.229750871658325,"test/ngram_13":3.2834460735321045,"val/ngram_8":3.366330623626709,"val/ngram_85":3.0265371799468994,"val/ngram_126":3.0214250087738037,"combined/ngram_24":3.2238080501556396,"combined/ngram_56":3.0435824394226074,"combined/ngram_101":2.9537975788116455,"test/ngram_108":2.9953901767730713,"val/ngram_20":3.150611639022827,"combined/ngram_82":2.992932081222534,"test/ngram_31":3.094078779220581,"test/ngram_120":3.0051567554473877,"test/ngram_21":3.1774418354034424,"val/ngram_89":2.999361991882324,"val/ngram_81":3.003345012664795,"combined/ngram_117":3.0286078453063965,"val/ngram_23":3.1462790966033936,"combined/ngram_121":2.928412914276123,"val/ngram_50":2.949172258377075,"combined/ngram_88":2.9890048503875732,"val/ngram_33":3.1184985637664795,"test/ngram_43":3.022253036499023,"combined/ngram_126":2.954226493835449,"test/ngram_72":3.042026996612549,"combined/ngram_52":3.0285327434539795,"val/ngram_114":2.9982428550720215,"test/ngram_33":3.0962066650390625,"combined/ngram_91":3.015132188796997,"val/ngram_127":2.9989969730377197,"combined/ngram_90":3.009035587310791,"combined/ngram_113":2.9745562076568604,"_wandb":{"runtime":101608},"combined/ngram_23":3.14910626411438,"val/ngram_98":3.0058228969573975,"test/ngram_6":3.5050315856933594,"val/ngram_91":3.095431089401245,"combined/ngram_31":3.1129274368286133,"val/ngram_11":3.248300552368164,"test/ngram_28":3.1841819286346436,"val/ngram_52":2.9949283599853516,"combined/ngram_79":2.98512864112854,"val/ngram_68":2.9350342750549316,"test/ngram_14":3.1951911449432373,"val/ngram_79":2.9692704677581787,"combined/ngram_9":3.48946213722229,"combined/ngram_108":2.9484493732452393,"test/ngram_115":2.961261034011841,"val/ngram_56":3.078951597213745,"test/ngram_42":3.014622449874878,"test/ngram_80":3.078385591506958,"combined/ngram_16":3.2337186336517334,"test/ngram_70":3.0942695140838623,"val/ngram_6":3.572685956954956,"val/ngram_103":2.972344160079956,"test/ngram_23":3.1385512351989746,"test/ngram_17":3.2363455295562744,"combined/ngram_42":3.015550136566162,"test/ngram_24":3.219602108001709,"val/ngram_5":3.662759780883789,"test/ngram_110":3.0147550106048584,"combined/ngram_76":3.009462356567383,"combined/ngram_48":3.0598952770233154,"combined/ngram_15":3.2169599533081055,"val/ngram_27":3.162447690963745,"test/ngram_59":3.0713508129119873,"val/ngram_88":3.0203092098236084,"test/ngram_61":3.0456342697143555,"test/ngram_16":3.2312519550323486,"combined/ngram_7":3.573331832885742,"combined/ngram_32":3.134889841079712,"val/ngram_87":2.960487365722656,"val/ngram_48":3.0347495079040527,"val/ngram_92":3.0573630332946777,"combined/ngram_96":2.983213424682617,"test/ngram_78":3.1060101985931396,"combined/ngram_17":3.2695112228393555,"val/ngram_84":3.182086229324341,"val/ngram_115":3.034975051879883,"val/ngram_49":3.0755529403686523,"combined/ngram_59":3.0768258571624756,"val/ngram_65":3.003568649291992,"test/ngram_27":3.1813743114471436,"combined/ngram_102":3.0080201625823975,"combined/ngram_40":3.1533164978027344,"val/ngram_61":3.0139801502227783,"combined/ngram_74":3.019111394882202,"test/ngram_69":3.086991786956787,"test/ngram_57":3.154465913772583,"combined/ngram_22":3.153808832168579,"test/ngram_73":3.0471439361572266,"combined/ngram_14":3.224594831466675,"combined/ngram_21":3.1653859615325928,"val/ngram_42":3.065082311630249,"val/ngram_51":3.088535785675049,"combined/ngram_110":2.9246575832366943,"test/ngram_124":3.0362865924835205,"val/ngram_66":3.1019272804260254,"test/ngram_10":3.456190824508667,"val/ngram_19":3.088998794555664,"combined/ngram_28":3.1390507221221924,"test/ngram_37":3.189563751220703,"test/ngram_34":3.114084482192993,"test/ngram_64":3.082836627960205,"combined/ngram_46":3.141057014465332,"combined/ngram_63":3.014089822769165,"test/ngram_20":3.1629490852355957,"test/ngram_58":3.161424160003662,"val/ngram_45":3.107492208480835,"test/ngram_47":3.1156675815582275,"combined/ngram_8":3.5037527084350586,"combined/ngram_123":2.97080659866333,"test/ngram_36":3.1485700607299805,"combined/ngram_70":3.0215461254119873,"val/ngram_60":3.112105369567871,"val/ngram_62":2.9594132900238037,"combined/ngram_39":3.069871187210083,"test/ngram_9":3.3229010105133057,"val/ngram_71":2.9790830612182617,"test/ngram_3":3.86401104927063,"test/ngram_84":3.108102798461914,"test/ngram_26":3.233884334564209,"combined/ngram_54":3.0936591625213623,"val/ngram_100":3.108194589614868,"val/ngram_31":3.1013829708099365,"combined/ngram_125":2.977088689804077,"test/ngram_127":3.038855791091919,"combined/ngram_35":3.1017253398895264,"val/ngram_14":3.097038984298706,"combined/ngram_84":3.119387149810791,"combined/ngram_6":3.613168954849243,"val/ngram_39":3.0106048583984375,"val/ngram_69":3.052147150039673,"combined/ngram_112":2.9678213596343994,"test/ngram_100":3.113123893737793,"val/ngram_18":3.1462602615356445,"combined/ngram_36":3.1092565059661865,"combined/ngram_114":3.029667377471924,"combined/ngram_66":3.071180582046509,"val/ngram_96":2.9701831340789795,"val/ngram_107":3.011547088623047,"combined/ngram_85":2.9935455322265625,"combined/ngram_94":2.9914422035217285,"val/ngram_32":3.082655906677246,"test/ngram_71":3.0591025352478027,"combined/ngram_87":2.9979279041290283,"combined/ngram_120":2.9417672157287598,"combined/ngram_69":3.0568552017211914,"combined/ngram_12":3.3899149894714355,"combined/ngram_86":2.9420840740203857,"val/ngram_22":3.052556037902832,"val/ngram_54":3.0610806941986084,"test/ngram_18":3.109693765640259,"combined/ngram_93":2.8977174758911133,"val/ngram_119":3.024019718170166,"test/ngram_35":3.1181633472442627,"val/ngram_37":3.1082592010498047,"combined/ngram_44":3.0974185466766357,"test/ngram_54":3.177563190460205,"val/ngram_59":3.093294620513916,"val/ngram_57":3.028093099594116,"combined/ngram_60":3.021726131439209,"test/ngram_119":2.965301513671875,"test/ngram_50":3.041415214538574,"val/ngram_74":2.9208178520202637,"val/ngram_1":4.974530220031738,"test/ngram_29":3.0896430015563965,"combined/ngram_118":3.0130720138549805,"combined/ngram_71":2.97055983543396,"test/ngram_81":3.1475989818573,"val/ngram_64":2.9723682403564453,"test/ngram_1":5.046849250793457,"combined/ngram_29":3.114668846130371,"combined/ngram_11":3.3374133110046387,"test/ngram_104":2.9258131980895996,"test/ngram_107":3.013633728027344,"test/ngram_89":3.0549352169036865,"test/ngram_114":3.150090456008911,"test/ngram_7":3.611161708831787,