{"test/ngram_72":3.179776430130005,"test/ngram_60":3.170602321624756,"test/ngram_26":3.3550214767456055,"val/ngram_47":3.274750232696533,"val/ngram_119":3.1801962852478027,"test/ngram_115":3.131732702255249,"test/ngram_33":3.3267135620117188,"val/ngram_121":3.2245609760284424,"test/ngram_61":3.200028657913208,"val/ngram_95":3.1185545921325684,"val/ngram_91":3.2690300941467285,"test/ngram_47":3.2876410484313965,"test/ngram_37":3.3208396434783936,"test/ngram_124":3.1998207569122314,"val/ngram_44":3.264688491821289,"test/ngram_74":3.252725839614868,"val/ngram_66":3.2420856952667236,"test/ngram_78":3.2460646629333496,"val/ngram_93":3.081427574157715,"val/ngram_64":3.1700055599212646,"val/ngram_10":3.409874677658081,"test/ngram_91":3.1611952781677246,"val/ngram_68":3.1154322624206543,"val/ngram_7":3.498237371444702,"test/ngram_64":3.2528271675109863,"val/ngram_123":3.1890435218811035,"val/ngram_111":3.161752223968506,"test/ngram_45":3.202303886413574,"val/ngram_41":3.2281994819641113,"test/ngram_53":3.214869737625122,"test/ngram_52":3.2282626628875732,"test/ngram_75":3.2212789058685303,"test/ngram_126":3.163527727127075,"test/ngram_23":3.2692008018493652,"test/ngram_68":3.2692906856536865,"val/ngram_72":3.25618839263916,"test/ngram_11":3.458811044692993,"test/ngram_29":3.228113889694214,"val/ngram_122":3.1702466011047363,"test/ngram_122":3.20239520072937,"test/ngram_110":3.167336940765381,"test/ngram_96":3.1970267295837402,"_timestamp":1.7724524189199367e+09,"val/ngram_69":3.2052810192108154,"val/ngram_43":3.3184502124786377,"val/ngram_2":4.27838659286499,"test/ngram_46":3.3611717224121094,"val/ngram_22":3.1911587715148926,"test/ngram_9":3.4543495178222656,"test/ngram_102":3.1534976959228516,"val/ngram_73":3.163628578186035,"test/ngram_89":3.2273435592651367,"test/ngram_6":3.5862128734588623,"test/ngram_5":3.7614850997924805,"val/ngram_102":3.260030508041382,"test/ngram_1":5.055477142333984,"test/ngram_13":3.41806697845459,"test/ngram_76":3.148606061935425,"val/ngram_98":3.2183141708374023,"val/ngram_52":3.188122510910034,"test/ngram_67":3.2704849243164062,"test/ngram_77":3.1912693977355957,"test/ngram_2":4.299911022186279,"test/ngram_109":3.3116064071655273,"test/ngram_80":3.2137985229492188,"test/ngram_58":3.3245387077331543,"test/ngram_35":3.2546133995056152,"val/ngram_99":3.1863908767700195,"test/ngram_20":3.277125358581543,"test/ngram_87":3.252131700515747,"val/ngram_11":3.3476037979125977,"val/ngram_104":3.2374255657196045,"val/ngram_83":3.250763177871704,"test/ngram_63":3.1658291816711426,"test/ngram_34":3.29408597946167,"val/ngram_58":3.159396171569824,"test/ngram_24":3.3584911823272705,"test/ngram_16":3.3700740337371826,"val/ngram_5":3.697044610977173,"test/ngram_123":3.2002439498901367,"val/ngram_92":3.2505462169647217,"test/ngram_88":3.198125123977661,"test/ngram_105":3.2842442989349365,"val/ngram_78":3.232600212097168,"val/ngram_84":3.3427491188049316,"test/ngram_93":3.0857434272766113,"val/ngram_53":3.2197282314300537,"val/ngram_28":3.266117811203003,"val/ngram_8":3.4770102500915527,"val/ngram_60":3.285454511642456,"test/ngram_50":3.231520652770996,"val/ngram_12":3.3659119606018066,"test/ngram_120":3.1785037517547607,"test/ngram_43":3.2122769355773926,"val/ngram_88":3.1480371952056885,"test/ngram_98":3.2400970458984375,"test/ngram_39":3.285649061203003,"val/ngram_75":3.206554651260376,"val/ngram_85":3.231226682662964,"test/ngram_3":3.9149632453918457,"val/ngram_82":3.243103265762329,"val/ngram_116":3.1426634788513184,"test/ngram_82":3.1805663108825684,"test/ngram_17":3.3684139251708984,"val/ngram_40":3.259268045425415,"test/ngram_55":3.2930514812469482,"train/loss":3.330991744995117,"val/ngram_29":3.295158624649048,"test/ngram_25":3.3778722286224365,"test/ngram_18":3.2610580921173096,"val/ngram_6":3.621549129486084,"val/ngram_54":3.2236809730529785,"val/ngram_120":3.1112067699432373,"test/ngram_19":3.390131950378418,"test/ngram_95":3.1752631664276123,"val/ngram_80":3.2168338298797607,"val/ngram_65":3.184685707092285,"val/ngram_18":3.2875864505767822,"test/ngram_125":3.24650502204895,"val/ngram_108":3.19783878326416,"test/ngram_116":3.207793951034546,"val/ngram_105":3.2487165927886963,"test/ngram_65":3.294274091720581,"test/ngram_79":3.1844639778137207,"test/ngram_51":3.367837429046631,"test/ngram_15":3.3372104167938232,"val/ngram_38":3.1592109203338623,"val/ngram_15":3.3258795738220215,"test/ngram_107":3.1931509971618652,"val/ngram_126":3.203684091567993,"test/ngram_54":3.3375799655914307,"test/ngram_94":3.2625181674957275,"val/ngram_31":3.288207769393921,"test/ngram_62":3.1408934593200684,"test/ngram_32":3.3459739685058594,"test/ngram_113":3.1980085372924805,"val/ngram_35":3.268080472946167,"val/ngram_106":3.1878318786621094,"val/ngram_87":3.1276304721832275,"test/ngram_103":3.186854362487793,"val/ngram_9":3.523707151412964,"val/ngram_26":3.3291375637054443,"test/ngram_97":3.2100491523742676,"test/ngram_71":3.1792478561401367,"val/ngram_113":3.166161298751831,"val/ngram_30":3.2793776988983154,"val/ngram_63":3.217571973800659,"test/ngram_121":3.0967857837677,"val/ngram_37":3.2772178649902344,"val/ngram_94":3.1886866092681885,"test/ngram_12":3.5531039237976074,"test/ngram_86":3.173920154571533,"test/ngram_66":3.2488019466400146,"test/ngram_44":3.273475170135498,"val/ngram_90":3.1561381816864014,"val/ngram_32":3.2373626232147217,"val/ngram_14":3.2677111625671387,"val/ngram_45":3.30269455909729,"test/ngram_112":3.1721389293670654,"val/ngram_4":3.656015634536743,"val/ngram_57":3.2171342372894287,"test/ngram_31":3.243931531906128,"test/ngram_108":3.1161930561065674,"test/ngram_27":3.350104808807373,"val/ngram_59":3.228875160217285,"val/ngram_1":4.978662967681885,"test/ngram_83":3.1185643672943115,"val/ngram_56":3.2104763984680176,"val/ngram_103":3.140160322189331,"val/ngram_13":3.4059042930603027,"_runtime":39162.933978737,"val/ngram_114":3.1631739139556885,"val/ngram_50":3.138519287109375,"val/ngram_89":3.1627280712127686,"val/ngram_71":3.1313445568084717,"val/ngram_19":3.2338383197784424,"val/ngram_33":3.269101619720459,"val/ngram_70":3.164565324783325,"val/ngram_62":3.128488063812256,"_step":186060,"test/ngram_85":3.1769306659698486,"test/ngram_114":3.3067145347595215,"test/ngram_111":3.145585536956787,"val/ngram_67":3.156763792037964,"test/ngram_7":3.6733226776123047,"test/ngram_100":3.2540690898895264,"val/ngram_20":3.28930401802063,"val/ngram_115":3.2017390727996826,"_wandb":{"runtime":39162},"val/ngram_46":3.2661681175231934,"test/ngram_90":3.2976949214935303,"val/ngram_124":3.119314432144165,"test/ngram_117":3.227165699005127,"test/ngram_4":3.8671798706054688,"test/ngram_106":3.113896608352661,"val/ngram_39":3.1800827980041504,"test/ngram_41":3.1970152854919434,"test/ngram_30":3.217200994491577,"test/ngram_42":3.1628384590148926,"val/ngram_100":3.2573325634002686,"test/ngram_36":3.3084652423858643,"test/ngram_118":3.246265172958374,"val/ngram_36":3.214303970336914,"test/ngram_70":3.208298444747925,"val/ngram_110":3.1204447746276855,"val/ngram_55":3.1900219917297363,"val/ngram_27":3.3176145553588867,"val/ngram_48":3.2214086055755615,"val/ngram_74":3.13310170173645,"val/ngram_112":3.1459991931915283,"val/ngram_3":3.9050323963165283,"val/ngram_21":3.236393928527832,"test/ngram_40":3.3225255012512207,"val/ngram_61":3.1568586826324463,"test/ngram_59":3.2617053985595703,"test/ngram_22":3.3391501903533936,"test/ngram_92":3.320249080657959,"test/ngram_56":3.2444725036621094,"test/ngram_99":3.2135555744171143,"val/ngram_125":3.164750576019287,"val/ngram_109":3.108538866043091,"test/ngram_69":3.2452926635742188,"val/ngram_42":3.255845308303833,"test/ngram_104":3.069394588470459,"val/ngram_107":3.1568729877471924,"val/ngram_96":3.172696590423584,"val/ngram_117":3.1832902431488037,"val/ngram_118":3.201859474182129,"val/ngram_49":3.241830825805664,"test/ngram_8":3.577732563018799,"val/ngram_77":3.046231508255005,"val/ngram_79":3.09352445602417,"test/ngram_119":3.12629771232605,"val/ngram_25":3.2541656494140625,"test/ngram_28":3.3057525157928467,