{"test/ngram_98":3.6939589977264404,"val/ngram_56":3.709207534790039,"val/ngram_99":3.6567821502685547,"val/ngram_1":5.021640300750732,"val/ngram_53":3.693821907043457,"val/ngram_39":3.6702451705932617,"test/ngram_113":3.677018404006958,"test/ngram_25":3.8206934928894043,"val/ngram_97":3.530850887298584,"val/ngram_126":3.6919829845428467,"test/ngram_80":3.700310468673706,"val/ngram_40":3.7357280254364014,"val/ngram_43":3.7939319610595703,"val/ngram_66":3.7294373512268066,"val/ngram_58":3.641146183013916,"test/ngram_64":3.6960067749023438,"test/ngram_77":3.7403273582458496,"test/ngram_102":3.653022527694702,"val/ngram_90":3.6610465049743652,"val/ngram_111":3.640664577484131,"test/ngram_39":3.732431650161743,"test/ngram_116":3.7092673778533936,"test/ngram_53":3.740962505340576,"test/ngram_83":3.591365337371826,"test/ngram_119":3.6101088523864746,"test/ngram_87":3.7552907466888428,"val/ngram_110":3.634854793548584,"val/ngram_31":3.765801429748535,"test/ngram_4":4.128747463226318,"test/ngram_122":3.709050416946411,"test/ngram_94":3.76914644241333,"val/ngram_102":3.7080492973327637,"test/ngram_55":3.808811902999878,"val/ngram_21":3.676978588104248,"val/ngram_25":3.6926701068878174,"test/ngram_108":3.6749768257141113,"val/ngram_18":3.746600866317749,"val/ngram_3":4.116698265075684,"test/ngram_20":3.7275021076202393,"test/ngram_45":3.704826831817627,"test/ngram_23":3.708392858505249,"test/ngram_121":3.6013448238372803,"val/ngram_41":3.675468683242798,"test/ngram_92":3.8449652194976807,"val/ngram_115":3.7115824222564697,"val/ngram_82":3.7373619079589844,"test/ngram_75":3.708299160003662,"val/ngram_24":3.7628910541534424,"test/ngram_57":3.752847671508789,"test/ngram_90":3.7754364013671875,"val/ngram_81":3.6548619270324707,"val/ngram_86":3.605851411819458,"test/ngram_1":5.074734210968018,"val/ngram_30":3.790036678314209,"val/ngram_47":3.7986316680908203,"val/ngram_71":3.599647045135498,"val/ngram_11":3.768641710281372,"val/ngram_48":3.6829004287719727,"val/ngram_29":3.7765653133392334,"test/ngram_30":3.6713645458221436,"test/ngram_9":3.846423864364624,"val/ngram_9":3.9327824115753174,"test/ngram_61":3.6644504070281982,"test/ngram_50":3.6761457920074463,"test/ngram_36":3.7646102905273438,"test/ngram_118":3.7466208934783936,"test/ngram_49":3.780543327331543,"val/ngram_109":3.6616735458374023,"val/ngram_59":3.7479398250579834,"val/ngram_119":3.7134063243865967,"test/ngram_123":3.7166290283203125,"test/ngram_103":3.719339370727539,"test/ngram_73":3.667600631713867,"val/ngram_116":3.649172306060791,"test/ngram_58":3.7917709350585938,"val/ngram_101":3.744290828704834,"val/ngram_79":3.6284430027008057,"val/ngram_94":3.680925130844116,"val/ngram_93":3.57438588142395,"test/ngram_46":3.8579254150390625,"val/ngram_76":3.772529125213623,"val/ngram_62":3.592316150665283,"val/ngram_33":3.748253583908081,"_step":186060,"val/ngram_16":3.7138078212738037,"val/ngram_106":3.715911865234375,"test/ngram_43":3.687011241912842,"val/ngram_7":3.803140878677368,"val/ngram_78":3.724315643310547,"test/ngram_44":3.740837574005127,"val/ngram_63":3.7512755393981934,"val/ngram_36":3.690500259399414,"val/ngram_32":3.7246367931365967,"test/ngram_114":3.852201461791992,"test/ngram_110":3.668438673019409,"val/ngram_112":3.6707537174224854,"val/ngram_61":3.6577603816986084,"val/ngram_122":3.658785343170166,"val/ngram_54":3.716508150100708,"test/ngram_22":3.7867085933685303,"val/ngram_69":3.718287229537964,"val/ngram_121":3.712830066680908,"val/ngram_6":3.967634916305542,"test/ngram_101":3.619176149368286,"test/ngram_18":3.6665358543395996,"val/ngram_4":3.881983518600464,"test/ngram_126":3.614549160003662,"val/ngram_98":3.7031071186065674,"val/ngram_23":3.7674968242645264,"val/ngram_20":3.7100236415863037,"test/ngram_15":3.7241010665893555,"val/ngram_84":3.8149094581604004,"val/ngram_57":3.6794919967651367,"test/ngram_2":4.44799280166626,"val/ngram_113":3.6742846965789795,"val/ngram_91":3.754347562789917,"val/ngram_65":3.6566247940063477,"test/ngram_32":3.8008270263671875,"test/ngram_96":3.634537935256958,"test/ngram_74":3.7278709411621094,"test/ngram_82":3.6840999126434326,"test/ngram_56":3.706547260284424,"test/ngram_38":3.7077152729034424,"test/ngram_27":3.8355281352996826,"val/ngram_96":3.694901704788208,"val/ngram_49":3.7050092220306396,"test/ngram_19":3.8011977672576904,"test/ngram_79":3.687620162963867,"test/ngram_14":3.7537648677825928,"test/ngram_111":3.6523923873901367,"val/ngram_12":3.8078527450561523,"test/ngram_84":3.792910575866699,"val/ngram_26":3.8226964473724365,"val/ngram_70":3.6760880947113037,"val/ngram_10":3.8111579418182373,"test/ngram_37":3.772454023361206,"val/ngram_117":3.673097610473633,"test/ngram_120":3.673837900161743,"test/ngram_70":3.6861839294433594,"test/ngram_29":3.7451395988464355,"test/ngram_105":3.754443883895874,"val/ngram_73":3.591597318649292,"test/ngram_85":3.7073192596435547,"val/ngram_120":3.6062591075897217,"val/ngram_5":3.985361099243164,"val/ngram_19":3.6982598304748535,"test/ngram_54":3.767429828643799,"test/ngram_48":3.7232351303100586,"test/ngram_33":3.7531416416168213,"val/ngram_123":3.664066791534424,"test/ngram_51":3.8329336643218994,"val/ngram_34":3.68572998046875,"test/ngram_34":3.742279052734375,"test/ngram_71":3.6901981830596924,"val/ngram_75":3.6987836360931396,"test/ngram_13":3.8131330013275146,"test/ngram_89":3.7221670150756836,"test/ngram_69":3.724857807159424,"val/ngram_124":3.616584539413452,"test/ngram_107":3.700913906097412,"val/ngram_125":3.673548936843872,"test/ngram_17":3.8300206661224365,"test/ngram_8":3.934922695159912,"val/ngram_85":3.6791679859161377,"val/ngram_28":3.7492198944091797,"val/ngram_68":3.569300889968872,"test/ngram_47":3.799995183944702,"val/ngram_108":3.7058048248291016,"test/ngram_40":3.808544635772705,"test/ngram_60":3.6408851146698,"test/ngram_68":3.73355770111084,"test/ngram_12":3.934593677520752,"test/ngram_127":3.7056713104248047,"val/ngram_104":3.737891674041748,"val/ngram_46":3.770399570465088,"test/ngram_91":3.6531214714050293,"val/ngram_42":3.691993236541748,"test/ngram_67":3.716590404510498,"_wandb":{"runtime":5199},"val/ngram_127":3.6526098251342773,"test/ngram_109":3.8465864658355713,"val/ngram_55":3.673821210861206,"test/ngram_76":3.6583690643310547,"val/ngram_2":4.371243476867676,"_runtime":5199.241917522,"test/ngram_7":3.9569339752197266,"val/ngram_38":3.669304609298706,"val/ngram_14":3.706218957901001,"val/ngram_89":3.694162607192993,"test/ngram_41":3.656270980834961,"val/ngram_64":3.6341514587402344,"val/ngram_74":3.609842300415039,"test/ngram_104":3.5777859687805176,"test/ngram_112":3.681626081466675,"test/ngram_100":3.761458158493042,"test/ngram_88":3.6967320442199707,"val/ngram_77":3.52984356880188,"val/ngram_8":3.8118317127227783,"test/ngram_59":3.7053029537200928,"val/ngram_13":3.8018674850463867,"test/ngram_97":3.6892077922821045,"_timestamp":1.772403325875494e+09,"val/ngram_35":3.7670159339904785,"val/ngram_27":3.7820236682891846,"val/ngram_67":3.6436681747436523,"val/ngram_52":3.704071044921875,"val/ngram_51":3.736605167388916,"test/ngram_31":3.712757110595703,"val/ngram_107":3.652539014816284,"val/ngram_50":3.629173517227173,"val/ngram_60":3.7433934211730957,"test/ngram_62":3.6003787517547607,"test/ngram_24":3.8403828144073486,"val/ngram_17":3.8061206340789795,"val/ngram_87":3.6454648971557617,"test/ngram_11":3.8432555198669434,"train/loss":3.8481574058532715,"val/ngram_80":3.6930594444274902,"val/ngram_103":3.641535520553589,"test/ngram_93":3.5702404975891113,"test/ngram_66":3.722862958908081,"val/ngram_100":3.737436294555664,"test/ngram_63":3.6762397289276123,"test/ngram_115":3.603886842727661,"val/ngram_83":3.725994110107422,"test/ngram_124":3.6708028316497803,"val/ngram_105":3.7449958324432373,"test/ngram_26":3.786745309829712,"val/ngram_45":3.7975170612335205,"test/ngram_106":3.6584911346435547,"test/ngram_86":3.692523956298828,"test/ngram_6":3.9060721397399902,"test/ngram_10":3.8870861530303955,"test/ngram_78":3.70001220703125,"val/ngram_22":3.633887767791748,