{"test/ngram_59":4.038795471191406,"val/ngram_121":3.8277955055236816,"test/ngram_83":3.904487133026123,"val/ngram_110":3.709894895553589,"test/ngram_102":3.9524009227752686,"val/ngram_104":3.8401944637298584,"test/ngram_34":4.0395426750183105,"val/ngram_19":3.8059661388397217,"val/ngram_93":3.675351619720459,"test/ngram_49":4.036257743835449,"val/ngram_69":3.8199381828308105,"test/ngram_15":3.9777774810791016,"val/ngram_97":3.638132095336914,"test/ngram_87":4.02670431137085,"test/ngram_29":4.0179009437561035,"val/ngram_13":3.8875067234039307,"val/ngram_119":3.787994384765625,"test/ngram_50":3.9251232147216797,"val/ngram_32":3.8157498836517334,"val/ngram_42":3.777783155441284,"test/ngram_45":4.0134596824646,"val/ngram_5":4.059135437011719,"val/ngram_1":5.021865367889404,"val/ngram_92":3.8157975673675537,"test/ngram_24":4.119025707244873,"val/ngram_50":3.735342264175415,"val/ngram_114":3.795114040374756,"val/ngram_31":3.8419089317321777,"val/ngram_16":3.8177623748779297,"val/ngram_101":3.8260083198547363,"test/ngram_93":3.8754329681396484,"val/ngram_7":3.904031753540039,"val/ngram_53":3.781155824661255,"val/ngram_82":3.835021734237671,"val/ngram_3":4.166862964630127,"val/ngram_56":3.8290598392486572,"val/ngram_99":3.762221574783325,"test/ngram_96":3.9412646293640137,"val/ngram_127":3.7391135692596436,"test/ngram_127":4.016834259033203,"test/ngram_69":4.001219272613525,"test/ngram_47":4.085404872894287,"val/ngram_65":3.736497640609741,"test/ngram_40":4.087612628936768,"test/ngram_74":4.0293145179748535,"val/ngram_49":3.8049237728118896,"val/ngram_43":3.8843138217926025,"val/ngram_18":3.8448565006256104,"val/ngram_111":3.7558164596557617,"val/ngram_2":4.39251708984375,"val/ngram_96":3.806229829788208,"val/ngram_39":3.7505948543548584,"test/ngram_3":4.239357948303223,"test/ngram_106":3.978769302368164,"val/ngram_66":3.8282806873321533,"test/ngram_53":4.056521415710449,"test/ngram_95":3.976919174194336,"test/ngram_23":3.987414836883545,"val/ngram_70":3.8093206882476807,"val/ngram_107":3.760781764984131,"val/ngram_77":3.6489579677581787,"val/ngram_57":3.807291030883789,"test/ngram_124":3.9364371299743652,"val/ngram_81":3.7098233699798584,"val/ngram_63":3.847156286239624,"test/ngram_36":4.024562835693359,"test/ngram_16":4.078488349914551,"test/ngram_71":3.9667088985443115,"val/ngram_20":3.810134172439575,"test/ngram_125":4.019132137298584,"val/ngram_17":3.9072961807250977,"val/ngram_23":3.8617894649505615,"val/ngram_122":3.7603161334991455,"test/ngram_92":4.1383957862854,"test/ngram_54":4.067031383514404,"test/ngram_117":3.9872894287109375,"test/ngram_73":3.965866804122925,"test/ngram_85":3.994767665863037,"test/ngram_68":4.012044906616211,"val/ngram_22":3.747704267501831,"val/ngram_38":3.744688034057617,"val/ngram_21":3.7465922832489014,"test/ngram_94":4.073285102844238,"test/ngram_11":4.10830545425415,"_runtime":1680.324719132,"train/loss":3.8697776794433594,"val/ngram_85":3.774491548538208,"test/ngram_111":3.9925975799560547,"test/ngram_88":4.0070881843566895,"val/ngram_76":3.873523473739624,"test/ngram_26":4.078409671783447,"val/ngram_72":3.7988696098327637,"val/ngram_44":3.8322947025299072,"test/ngram_120":3.9938695430755615,"test/ngram_12":4.202823638916016,"test/ngram_104":3.89467191696167,"val/ngram_62":3.671046018600464,"val/ngram_48":3.7908713817596436,"val/ngram_105":3.833341121673584,"test/ngram_122":4.039079189300537,"test/ngram_1":5.051277160644531,"val/ngram_11":3.8273870944976807,"test/ngram_79":3.9656684398651123,"val/ngram_6":4.034383773803711,"val/ngram_106":3.801560640335083,"test/ngram_37":4.083950996398926,"test/ngram_42":3.9525816440582275,"test/ngram_2":4.5484700202941895,"val/ngram_68":3.674006700515747,"test/ngram_32":4.0547966957092285,"val/ngram_126":3.7622363567352295,"test/ngram_22":4.05600643157959,"val/ngram_67":3.740067720413208,"val/ngram_25":3.8208768367767334,"test/ngram_28":4.045886039733887,"test/ngram_78":3.9730474948883057,"val/ngram_84":3.8900976181030273,"val/ngram_73":3.7261698246002197,"test/ngram_103":4.036640644073486,"test/ngram_72":4.021143913269043,"test/ngram_43":3.9737226963043213,"test/ngram_97":3.9547553062438965,"test/ngram_39":4.031655311584473,"test/ngram_105":4.072590351104736,"val/ngram_95":3.751802921295166,"val/ngram_10":3.88767147064209,"test/ngram_9":4.058775424957275,"val/ngram_98":3.8113114833831787,"test/ngram_63":3.958224296569824,"_wandb":{"runtime":1680},"test/ngram_8":4.128113746643066,"test/ngram_80":4.018477439880371,"val/ngram_58":3.7053864002227783,"test/ngram_62":3.9385266304016113,"val/ngram_59":3.8332629203796387,"test/ngram_57":4.016352653503418,"val/ngram_14":3.799798011779785,"test/ngram_4":4.327269554138184,"val/ngram_29":3.8599588871002197,"val/ngram_109":3.760314702987671,"test/ngram_58":4.090412139892578,"val/ngram_78":3.822939395904541,"val/ngram_24":3.833151340484619,"test/ngram_101":3.9252331256866455,"val/ngram_94":3.7652463912963867,"test/ngram_44":4.054157257080078,"test/ngram_56":4.009850978851318,"test/ngram_70":3.9410014152526855,"test/ngram_14":4.0246901512146,"val/ngram_120":3.7107255458831787,"val/ngram_28":3.8521502017974854,"test/ngram_119":3.923792600631714,"test/ngram_109":4.122527122497559,"val/ngram_52":3.790865421295166,"test/ngram_46":4.118302345275879,"val/ngram_64":3.7314813137054443,"val/ngram_123":3.7327842712402344,"val/ngram_90":3.7521719932556152,"test/ngram_30":3.9598307609558105,"test/ngram_118":4.037806510925293,"test/ngram_65":4.072842597961426,"val/ngram_125":3.7603659629821777,"val/ngram_88":3.7737479209899902,"val/ngram_91":3.841860294342041,"val/ngram_71":3.711306571960449,"val/ngram_41":3.767921209335327,"test/ngram_31":3.9861907958984375,"val/ngram_4":3.972935199737549,"test/ngram_113":3.9818472862243652,"test/ngram_20":3.985407590866089,"test/ngram_5":4.251204967498779,"test/ngram_82":4.012864112854004,"test/ngram_108":3.98604154586792,"test/ngram_98":3.993173837661743,"test/ngram_19":4.105021953582764,"val/ngram_75":3.8064677715301514,"val/ngram_89":3.816547155380249,"test/ngram_41":3.9429218769073486,"val/ngram_60":3.847041606903076,"val/ngram_45":3.8873255252838135,"test/ngram_121":3.926898717880249,"test/ngram_33":4.051594257354736,"val/ngram_33":3.834686040878296,"test/ngram_38":3.99902606010437,"val/ngram_12":3.875370502471924,"test/ngram_64":3.9940364360809326,"val/ngram_87":3.7294414043426514,"val/ngram_103":3.7099106311798096,"test/ngram_84":4.053561210632324,"test/ngram_123":4.0117716789245605,"test/ngram_10":4.105603218078613,"val/ngram_115":3.8004448413848877,"test/ngram_21":4.041326999664307,"val/ngram_36":3.774294853210449,"test/ngram_107":4.017726898193359,"test/ngram_89":4.022979736328125,"val/ngram_9":3.9833054542541504,"val/ngram_108":3.819103240966797,"val/ngram_124":3.689058780670166,"test/ngram_61":3.938188076019287,"test/ngram_67":4.049826145172119,"test/ngram_116":4.004370212554932,"test/ngram_7":4.194521427154541,"val/ngram_30":3.8882195949554443,"val/ngram_51":3.84533429145813,"test/ngram_110":3.972477436065674,"test/ngram_81":4.064243793487549,"val/ngram_15":3.8899827003479004,"_step":55818,"test/ngram_126":3.9242734909057617,"val/ngram_102":3.816993236541748,"val/ngram_74":3.721085786819458,"val/ngram_86":3.708961248397827,"val/ngram_40":3.8148484230041504,"val/ngram_8":3.862938642501831,"test/ngram_48":4.00538444519043,"test/ngram_13":4.0842437744140625,"val/ngram_27":3.864163875579834,"val/ngram_80":3.804344415664673,"test/ngram_55":4.094853401184082,"val/ngram_113":3.766204595565796,"val/ngram_61":3.768780469894409,"val/ngram_79":3.7221012115478516,"test/ngram_112":3.9750325679779053,"test/ngram_114":4.144790172576904,"test/ngram_6":4.1274309158325195,"val/ngram_34":3.7843217849731445,"_timestamp":1.7723158460168123e+09,"test/ngram_66":4.011328220367432,"val/ngram_116":3.7269530296325684,"val/ngram_112":3.7664060592651367,"test/ngram_99":4.001896858215332,"val/ngram_35":3.85860276222229,"test/ngram_27":4.115808486938477,"val/ngram_83":3.832698106765747,"val/ngram_26":3.8851099014282227,