{"val/ngram_43":3.3184502124786377,"val/ngram_61":3.1568586826324463,"combined/ngram_80":3.1927459239959717,"val/ngram_71":3.1313445568084717,"test/ngram_84":3.292322874069214,"val/ngram_18":3.2875864505767822,"combined/ngram_64":3.182382822036743,"val/ngram_116":3.1426634788513184,"combined/ngram_19":3.3297033309936523,"test/ngram_70":3.208298444747925,"val/ngram_16":3.2722361087799072,"test/ngram_6":3.5862128734588623,"test/ngram_83":3.1185643672943115,"val/ngram_56":3.2104763984680176,"test/ngram_63":3.1658291816711426,"combined/ngram_47":3.292691469192505,"val/ngram_31":3.288207769393921,"combined/ngram_113":3.1540327072143555,"combined/ngram_14":3.328148365020752,"val/ngram_5":3.697044610977173,"test/ngram_88":3.198125123977661,"combined/ngram_97":3.0964016914367676,"combined/ngram_25":3.341399908065796,"val/ngram_127":3.1319055557250977,"val/ngram_121":3.2245609760284424,"test/ngram_87":3.252131700515747,"val/ngram_87":3.1276304721832275,"combined/ngram_126":3.151017665863037,"val/ngram_19":3.2338383197784424,"val/ngram_25":3.2541656494140625,"test/ngram_65":3.294274091720581,"test/ngram_49":3.3060619831085205,"test/ngram_54":3.3375799655914307,"combined/ngram_67":3.1750729084014893,"val/ngram_8":3.4770102500915527,"combined/ngram_116":3.1823854446411133,"test/ngram_76":3.148606061935425,"val/ngram_11":3.3476037979125977,"test/ngram_78":3.2460646629333496,"val/ngram_85":3.231226682662964,"combined/ngram_2":4.4510979652404785,"test/ngram_100":3.2540690898895264,"combined/ngram_74":3.170177698135376,"test/ngram_124":3.199820756912231,"test/ngram_123":3.2002439498901367,"combined/ngram_40":3.3001067638397217,"test/ngram_31":3.243931531906128,"test/ngram_108":3.1161930561065674,"val/ngram_57":3.2171342372894287,"test/ngram_99":3.2135555744171143,"combined/ngram_35":3.278092861175537,"val/ngram_108":3.19783878326416,"combined/ngram_56":3.2329261302948,"combined/ngram_15":3.354166269302368,"test/ngram_104":3.069394588470459,"test/ngram_9":3.4543495178222656,"combined/ngram_73":3.1557044982910156,"val/ngram_60":3.285454511642456,"val/ngram_76":3.235527753829956,"combined/ngram_54":3.2461891174316406,"val/ngram_65":3.184685707092285,"combined/ngram_6":3.6686832904815674,"_timestamp":1.7729187016800897e+09,"val/ngram_118":3.201859474182129,"combined/ngram_59":3.2446391582489014,"test/ngram_22":3.3391501903533936,"combined/ngram_38":3.208139657974243,"combined/ngram_96":3.167341470718384,"test/ngram_127":3.203255414962769,"combined/ngram_20":3.3088457584381104,"combined/ngram_125":3.164764642715454,"combined/ngram_57":3.249148368835449,"val/ngram_101":3.2176599502563477,"combined/ngram_110":3.137988567352295,"test/ngram_73":3.2133114337921143,"combined/ngram_105":3.237154483795166,"combined/ngram_106":3.152700901031494,"test/ngram_112":3.1721389293670654,"test/ngram_5":3.761485099792481,"test/ngram_91":3.1611952781677246,"combined/ngram_13":3.437415361404419,"val/ngram_94":3.1886866092681885,"combined/ngram_86":3.142066478729248,"val/ngram_90":3.156138181686402,"val/ngram_53":3.2197282314300537,"test/ngram_20":3.277125358581543,"val/ngram_48":3.2214086055755615,"combined/ngram_4":3.834768772125244,"combined/ngram_124":3.140935182571411,"test/ngram_80":3.2137985229492188,"val/ngram_21":3.236393928527832,"test/ngram_36":3.3084652423858643,"combined/ngram_12":3.493155002593994,"combined/ngram_26":3.339078426361084,"combined/ngram_127":3.146054744720459,"combined/ngram_118":3.2043933868408203,"val/ngram_117":3.1832902431488037,"test/ngram_122":3.20239520072937,"combined/ngram_33":3.306628704071045,"val/ngram_55":3.1900219917297363,"val/ngram_28":3.266117811203003,"val/ngram_38":3.1592109203338623,"val/ngram_62":3.128488063812256,"combined/ngram_94":3.195195436477661,"combined/ngram_85":3.178001642227173,"combined/ngram_109":3.2124269008636475,"combined/ngram_114":3.2157833576202393,"test/ngram_57":3.299384832382202,"combined/ngram_68":3.189983606338501,"test/ngram_43":3.2122769355773926,"test/ngram_37":3.3208396434783936,"test/ngram_47":3.2876410484313965,"val/ngram_105":3.2487165927886963,"combined/ngram_95":3.128061294555664,"val/ngram_123":3.1890435218811035,"test/ngram_102":3.1534976959228516,"test/ngram_97":3.2100491523742676,"combined/ngram_69":3.21116304397583,"combined/ngram_30":3.2273499965667725,"val/ngram_40":3.259268045425415,"combined/ngram_24":3.367380142211914,"combined/ngram_9":3.552384853363037,"val/ngram_83":3.250763177871704,"val/ngram_75":3.206554651260376,"test/ngram_90":3.2976949214935303,"test/ngram_61":3.200028657913208,"val/ngram_41":3.2281994819641113,"test/ngram_35":3.2546133995056152,"test/ngram_21":3.3169639110565186,"combined/ngram_120":3.1229705810546875,"test/ngram_64":3.2528271675109863,"test/ngram_44":3.273475170135498,"test/ngram_41":3.1970152854919434,"combined/ngram_103":3.1442928314208984,"combined/ngram_49":3.2505836486816406,"val/ngram_22":3.1911587715148926,"combined/ngram_75":3.1997485160827637,"test/ngram_96":3.19702672958374,"train/loss":3.330991744995117,"val/ngram_35":3.268080472946167,"test/ngram_75":3.2212789058685303,"combined/ngram_28":3.2976741790771484,"combined/ngram_104":3.1333940029144287,"val/ngram_104":3.2374255657196045,"combined/ngram_29":3.2937047481536865,"combined/ngram_39":3.2380270957946777,"combined/ngram_60":3.2036564350128174,"test/ngram_62":3.1408934593200684,"test/ngram_119":3.12629771232605,"val/ngram_78":3.232600212097168,"combined/ngram_21":3.2905893325805664,"_wandb":{"runtime":39162},"test/ngram_52":3.2282626628875732,"val/ngram_14":3.2677111625671387,"val/ngram_111":3.161752223968506,"val/ngram_81":3.1596386432647705,"test/ngram_3":3.9149632453918457,"combined/ngram_27":3.3334202766418457,"val/ngram_10":3.409874677658081,"combined/ngram_93":3.0661706924438477,"val/ngram_107":3.1568729877471924,"val/ngram_30":3.279377698898315,"test/ngram_18":3.2610580921173096,"test/ngram_93":3.0857434272766113,"test/ngram_42":3.1628384590148926,"val/ngram_27":3.3176145553588867,"combined/ngram_98":3.2256152629852295,"test/ngram_33":3.3267135620117188,"combined/ngram_82":3.177659273147583,"val/ngram_92":3.2505462169647217,"val/ngram_26":3.3291375637054443,"val/ngram_74":3.13310170173645,"test/ngram_16":3.3700740337371826,"combined/ngram_8":3.5656192302703857,"test/ngram_29":3.228113889694214,"combined/ngram_23":3.3125476837158203,"combined/ngram_7":3.6454062461853027,"test/ngram_11":3.458811044692993,"test/ngram_2":4.299911022186279,"test/ngram_8":3.577732563018799,"test/ngram_86":3.173920154571533,"test/ngram_59":3.2617053985595703,"combined/ngram_71":3.143601894378662,"test/ngram_58":3.3245387077331543,"combined/ngram_119":3.1263909339904785,"combined/ngram_5":3.809803009033203,"test/ngram_125":3.24650502204895,"val/ngram_59":3.228875160217285,"val/ngram_51":3.2547788619995117,"combined/ngram_77":3.1157562732696533,"val/ngram_46":3.266168117523194,"test/ngram_50":3.231520652770996,"combined/ngram_51":3.2906205654144287,"_step":186061,"val/ngram_96":3.172696590423584,"test/ngram_28":3.3057525157928467,"val/ngram_4":3.656015634536743,"combined/ngram_102":3.1850621700286865,"test/ngram_51":3.367837429046631,"test/ngram_113":3.1980085372924805,"test/ngram_15":3.3372104167938232,"val/ngram_33":3.269101619720459,"combined/ngram_34":3.2554967403411865,"combined/ngram_115":3.1429390907287598,"test/ngram_121":3.0967857837677,"combined/ngram_58":3.2095563411712646,"test/ngram_46":3.36117172241211,"test/ngram_101":3.1374897956848145,"val/ngram_69":3.205281019210815,"val/ngram_106":3.18783187866211,"val/ngram_126":3.203684091567993,"val/ngram_114":3.1631739139556885,"combined/ngram_16":3.3521687984466553,"test/ngram_10":3.5067596435546875,"test/ngram_7":3.6733226776123047,"combined/ngram_87":3.1686851978302,"combined/ngram_18":3.3093910217285156,"test/ngram_69":3.2452926635742188,"combined/ngram_44":3.2880942821502686,"val/ngram_36":3.214303970336914,"combined/ngram_41":3.1950395107269287,"combined/ngram_63":3.2128632068634033,"val/ngram_29":3.295158624649048,"test/ngram_116":3.207793951034546,