{"test/ngram_66":4.013094425201416,"val/ngram_65":3.9901397228240967,"combined/ngram_107":4.023087501525879,"test/ngram_126":3.919180870056152,"val/ngram_106":4.028014659881592,"val/ngram_16":4.055236339569092,"test/ngram_89":4.041317939758301,"val/ngram_104":4.011691570281982,"combined/ngram_11":4.118880748748779,"test/ngram_19":4.115741729736328,"test/ngram_60":3.958425521850586,"combined/ngram_78":4.049811840057373,"test/ngram_45":4.011934280395508,"combined/ngram_12":4.208793640136719,"test/ngram_123":4.029717445373535,"val/ngram_94":3.986147403717041,"test/ngram_54":4.050649642944336,"combined/ngram_80":4.046805381774902,"combined/ngram_90":4.058004856109619,"val/ngram_87":3.94842267036438,"test/ngram_44":4.087469577789307,"test/ngram_99":3.984630584716797,"combined/ngram_63":4.053555488586426,"test/ngram_16":4.093083381652832,"combined/ngram_19":4.112355709075928,"test/ngram_83":3.8537001609802246,"combined/ngram_115":3.9981133937835693,"combined/ngram_31":4.104281425476074,"val/ngram_109":3.977352142333984,"test/ngram_62":3.93253755569458,"test/ngram_103":4.054442882537842,"combined/ngram_96":4.006842613220215,"_runtime":4556,"test/ngram_107":4.013784408569336,"combined/ngram_59":4.07794189453125,"combined/ngram_40":4.1070637702941895,"combined/ngram_21":4.078062534332275,"test/ngram_115":3.907157421112061,"test/ngram_122":4.032869815826416,"test/ngram_49":4.0688042640686035,"combined/ngram_32":4.1296796798706055,"val/ngram_76":4.0804009437561035,"combined/ngram_69":4.068914413452148,"combined/ngram_17":4.163066864013672,"test/ngram_92":4.120828151702881,"test/ngram_20":4.028461456298828,"val/ngram_79":3.9373326301574703,"combined/ngram_111":4.008047103881836,"val/ngram_97":3.8248636722564697,"val/ngram_36":4.0073628425598145,"test/ngram_7":4.221384525299072,"val/ngram_28":4.040738105773926,"combined/ngram_45":4.1032609939575195,"test/ngram_112":4.006774425506592,"combined/ngram_88":4.029325485229492,"val/ngram_2":4.493960857391357,"val/ngram_77":3.83840012550354,"combined/ngram_47":4.150315284729004,"val/ngram_19":3.9846630096435542,"combined/ngram_116":3.9981679916381836,"combined/ngram_77":3.964033603668213,"test/ngram_39":4.052189826965332,"test/ngram_14":4.075103759765625,"val/ngram_54":3.982324123382568,"test/ngram_53":4.030503749847412,"combined/ngram_113":4.027639865875244,"combined/ngram_39":4.039599418640137,"test/ngram_120":4.01024055480957,"test/ngram_79":3.98240327835083,"test/ngram_100":4.058479309082031,"combined/ngram_73":3.97198224067688,"val/ngram_41":4.0123610496521,"test/ngram_1":5.144496917724609,"_step":186061,"val/ngram_62":3.882601737976074,"val/ngram_88":3.977083683013916,"combined/ngram_86":4.0113019943237305,"val/ngram_30":4.089505195617676,"combined/ngram_127":4.020917892456055,"val/ngram_15":4.065990924835205,"val/ngram_120":3.924395084381103,"test/ngram_86":4.037003040313721,"combined/ngram_55":4.062570571899414,"test/ngram_94":4.101846218109131,"combined/ngram_93":3.92266583442688,"val/ngram_58":3.9356493949890137,"combined/ngram_97":3.93696665763855,"test/ngram_10":4.120591640472412,"test/ngram_105":4.084340572357178,"test/ngram_81":4.079662799835205,"test/ngram_3":4.276490688323975,"test/ngram_127":4.007305145263672,"combined/ngram_34":4.052422523498535,"combined/ngram_94":4.080472946166992,"val/ngram_70":4.021329879760742,"val/ngram_90":3.957385301589966,"val/ngram_7":4.053712368011475,"test/ngram_75":4.028770923614502,"val/ngram_74":3.89034652709961,"val/ngram_1":5.097832202911377,"test/ngram_119":3.930451631546021,"test/ngram_117":4.026271820068359,"combined/ngram_33":4.099714279174805,"combined/ngram_50":3.9856338500976562,"val/ngram_75":4.02105188369751,"val/ngram_4":4.109842777252197,"test/ngram_6":4.1308770179748535,"val/ngram_125":3.9893486499786377,"val/ngram_115":4.007890224456787,"combined/ngram_75":4.0577192306518555,"test/ngram_25":4.114803314208984,"combined/ngram_117":4.017323017120361,"val/ngram_3":4.297262191772461,"combined/ngram_52":4.029277801513672,"val/ngram_126":3.985852003097534,"val/ngram_68":3.8853135108947754,"combined/ngram_84":4.122698783874512,"test/ngram_93":3.874859571456909,"test/ngram_110":4.01006555557251,"val/ngram_5":4.205633640289307,"combined/ngram_14":4.097150802612305,"combined/ngram_66":4.065450668334961,"val/ngram_39":3.9465134143829346,"combined/ngram_101":3.992795944213867,"combined/ngram_9":4.204031944274902,"val/ngram_71":3.9037482738494873,"val/ngram_6":4.241182804107666,"combined/ngram_114":4.109508514404297,"test/ngram_28":4.063551425933838,"test/ngram_30":3.9770667552948,"val/ngram_24":4.027466297149658,"combined/ngram_48":4.073554515838623,"combined/ngram_92":4.150595664978027,"val/ngram_47":4.080227375030518,"val/ngram_78":4.005800724029541,"test/ngram_22":4.083427429199219,"test/ngram_113":4.0183258056640625,"test/ngram_4":4.340295314788818,"test/ngram_90":4.079758644104004,"val/ngram_13":4.0869975090026855,"combined/ngram_98":4.027083873748779,"combined/ngram_36":4.06689453125,"test/ngram_32":4.070254325866699,"val/ngram_59":3.982149124145508,"combined/ngram_56":4.068089485168457,"combined/ngram_10":4.164578437805176,"combined/ngram_108":4.034066200256348,"test/ngram_5":4.258023738861084,"combined/ngram_119":3.990910053253174,"combined/ngram_29":4.111264705657959,"test/ngram_52":4.005444526672363,"test/ngram_82":4.004203796386719,"test/ngram_70":3.967101573944092,"val/ngram_27":4.064598560333252,"combined/ngram_99":4.0162353515625,"val/ngram_122":3.969186305999756,"val/ngram_49":3.987332582473755,"combined/ngram_51":4.144730567932129,"combined/ngram_71":3.976418972015381,"test/ngram_43":4.013433933258057,"val/ngram_21":3.9570794105529785,"combined/ngram_106":4.036047458648682,"combined/ngram_46":4.147612571716309,"val/ngram_63":4.066191673278809,"val/ngram_32":4.057407379150391,"val/ngram_83":3.9939780235290527,"val/ngram_35":4.069922924041748,"combined/ngram_85":4.041158199310303,"test/ngram_96":3.936832189559937,"test/ngram_80":3.968716859817505,"test/ngram_67":4.056351661682129,"combined/ngram_124":3.965014934539795,"test/ngram_73":3.942495346069336,"combined/ngram_112":4.021264553070068,"test/ngram_91":3.9396820068359375,"val/ngram_101":4.025871276855469,"val/ngram_69":4.03492546081543,"val/ngram_38":3.9576315879821777,"val/ngram_42":3.9769768714904785,"test/ngram_36":4.0543012619018555,"combined/ngram_60":4.043914318084717,"test/ngram_24":4.145635604858398,"val/ngram_119":4.018386363983154,"_wandb":{"runtime":4556},"combined/ngram_61":4.005764961242676,"test/ngram_72":4.012141227722168,"val/ngram_48":4.007194519042969,"_timestamp":1.7729169014405384e+09,"combined/ngram_91":4.012425899505615,"val/ngram_114":3.9996659755706783,"combined/ngram_120":4.009777545928955,"val/ngram_17":4.109321594238281,"val/ngram_64":3.951500654220581,"combined/ngram_28":4.118677616119385,"combined/ngram_49":4.0750346183776855,"val/ngram_52":3.98437237739563,"combined/ngram_72":4.037609100341797,"val/ngram_34":3.9902734756469727,"val/ngram_51":4.057610034942627,"val/ngram_96":4.0018720626831055,"combined/ngram_103":4.017746448516846,"combined/ngram_123":4.008280277252197,"test/ngram_27":4.122503757476807,"val/ngram_8":4.055330276489258,"test/ngram_47":4.087881565093994,"test/ngram_41":3.972443819046021,"val/ngram_45":4.099637508392334,"test/ngram_125":4.031608581542969,"combined/ngram_65":4.0624518394470215,"val/ngram_123":3.973653554916382,"val/ngram_29":4.1036763191223145,"combined/ngram_7":4.204970836639404,"combined/ngram_67":4.055408954620361,"val/ngram_86":3.927906274795532,"test/ngram_71":3.961405038833618,"test/ngram_68":4.036369323730469,"test/ngram_108":3.976264476776123,"test/ngram_15":4.012171268463135,"combined/ngram_70":4.014402866363525,"test/ngram_116":3.9981536865234375,"combined/ngram_53":4.067672252655029,"val/ngram_98":4.011622905731201,"val/ngram_112":3.996999502182007,"combined/ngram_79":3.9809470176696777,"combined/ngram_125":4.01450777053833,"val/ngram_89":4.004331111907959,"test/ngram_124":3.938217639923096,"val/ngram_92":4.042476654052734,